Timestamp,Localita,Secondi
2026-03-28T22:40:30.613Z,Andora_1_Giorno,3.355
2026-03-28T22:40:33.527Z,Andora_3_Giorni,2.824
2026-03-28T22:40:36.509Z,Alassio_2_Giorni,2.93
2026-03-28T22:40:38.391Z,Bonassola_1_Giorno,1.824
2026-03-28T23:54:42.540Z,Andora_1_Giorno,4.167
2026-03-28T23:54:47.626Z,Andora_3_Giorni,4.998
2026-03-28T23:54:51.480Z,Alassio_2_Giorni,3.804
2026-03-28T23:54:53.654Z,Bonassola_1_Giorno,2.115
2026-03-29T05:55:30.443Z,Andora_1_Giorno,3.815
2026-03-29T05:55:34.253Z,Andora_3_Giorni,3.755
2026-03-29T05:55:38.843Z,Alassio_2_Giorni,4.535
2026-03-29T05:55:43.979Z,Bonassola_1_Giorno,5.053
2026-03-29T08:03:29.228Z,Andora_1_Giorno,7.24
2026-03-29T08:03:32.787Z,Andora_3_Giorni,3.503
2026-03-29T08:03:36.471Z,Alassio_2_Giorni,3.623
2026-03-29T08:03:39.505Z,Bonassola_1_Giorno,2.944
2026-03-29T10:03:01.671Z,Andora_1_Giorno,3.459
2026-03-29T10:03:05.205Z,Andora_3_Giorni,3.481
2026-03-29T10:03:07.744Z,Alassio_2_Giorni,2.48
2026-03-29T10:03:09.771Z,Bonassola_1_Giorno,1.938
2026-03-29T11:09:36.011Z,Andora_1_Giorno,3.749
2026-03-29T11:09:39.540Z,Andora_3_Giorni,3.435
2026-03-29T11:09:43.373Z,Alassio_2_Giorni,3.78
2026-03-29T11:09:45.332Z,Bonassola_1_Giorno,1.9
2026-03-29T11:59:01.016Z,Andora_1_Giorno,2.7
2026-03-29T11:59:03.318Z,Andora_3_Giorni,2.243
2026-03-29T11:59:07.259Z,Alassio_2_Giorni,3.878
2026-03-29T11:59:09.094Z,Bonassola_1_Giorno,1.743
2026-03-29T14:07:35.302Z,Andora_1_Giorno,3.404
2026-03-29T14:07:37.653Z,Andora_3_Giorni,2.297
2026-03-29T14:07:40.771Z,Alassio_2_Giorni,3.066
2026-03-29T14:07:42.816Z,Bonassola_1_Giorno,1.961
2026-03-29T15:51:34.907Z,Andora_1_Giorno,3.464
2026-03-29T15:51:37.797Z,Andora_3_Giorni,2.832
2026-03-29T15:51:40.379Z,Alassio_2_Giorni,2.52
2026-03-29T15:51:43.531Z,Bonassola_1_Giorno,3.066
2026-03-29T17:53:49.062Z,Andora_1_Giorno,3.097
2026-03-29T17:53:51.624Z,Andora_3_Giorni,2.506
2026-03-29T17:53:54.824Z,Alassio_2_Giorni,3.14
2026-03-29T17:53:57.345Z,Bonassola_1_Giorno,2.431
2026-03-29T19:52:31.011Z,Andora_1_Giorno,3.269
2026-03-29T19:52:33.604Z,Andora_3_Giorni,2.533
2026-03-29T19:52:36.628Z,Alassio_2_Giorni,2.963
2026-03-29T19:52:38.903Z,Bonassola_1_Giorno,2.189
2026-03-29T21:49:59.781Z,Andora_1_Giorno,3.455
2026-03-29T21:50:04.970Z,Andora_3_Giorni,5.102
2026-03-29T21:50:07.984Z,Alassio_2_Giorni,2.963
2026-03-29T21:50:10.489Z,Bonassola_1_Giorno,2.448
2026-03-29T23:52:19.637Z,Andora_1_Giorno,4.963
2026-03-29T23:52:22.570Z,Andora_3_Giorni,2.842
2026-03-29T23:52:25.391Z,Alassio_2_Giorni,2.767
2026-03-29T23:52:27.240Z,Bonassola_1_Giorno,1.79
2026-03-30T06:26:53.390Z,Andora_1_Giorno,3.098
2026-03-30T06:26:55.953Z,Andora_3_Giorni,2.479
2026-03-30T06:27:02.497Z,Alassio_2_Giorni,6.491
2026-03-30T06:27:04.466Z,Bonassola_1_Giorno,1.914
2026-03-30T10:48:35.458Z,Andora_1_Giorno,4.114
2026-03-30T10:48:38.891Z,Andora_3_Giorni,3.374
2026-03-30T10:48:41.747Z,Alassio_2_Giorni,2.796
2026-03-30T10:48:43.878Z,Bonassola_1_Giorno,2.042
2026-03-30T14:58:20.481Z,Andora_1_Giorno,4.633
2026-03-30T14:58:23.907Z,Andora_3_Giorni,3.373
2026-03-30T14:58:26.428Z,Alassio_2_Giorni,2.459
2026-03-30T14:58:28.673Z,Bonassola_1_Giorno,2.155
2026-03-30T18:10:35.119Z,Andora_1_Giorno,6.941
2026-03-30T18:10:40.233Z,Andora_3_Giorni,5.046
2026-03-30T18:10:46.773Z,Alassio_2_Giorni,6.49
2026-03-30T18:10:49.158Z,Bonassola_1_Giorno,2.329
2026-03-30T20:08:03.790Z,Andora_1_Giorno,6.454
2026-03-30T20:08:09.694Z,Andora_3_Giorni,5.821
2026-03-30T20:08:15.398Z,Alassio_2_Giorni,5.657
2026-03-30T20:08:18.049Z,Bonassola_1_Giorno,2.594
2026-03-30T22:06:16.551Z,Andora_1_Giorno,5.949
2026-03-30T22:06:22.329Z,Andora_3_Giorni,5.721
2026-03-30T22:06:28.702Z,Alassio_2_Giorni,6.316
2026-03-30T22:06:31.013Z,Bonassola_1_Giorno,2.225
2026-03-30T23:57:07.430Z,Andora_1_Giorno,6.037
2026-03-30T23:57:12.740Z,Andora_3_Giorni,5.243
2026-03-30T23:57:18.542Z,Alassio_2_Giorni,5.754
2026-03-30T23:57:22.118Z,Bonassola_1_Giorno,3.52
2026-03-31T05:59:52.743Z,Andora_1_Giorno,6.081
2026-03-31T05:59:58.089Z,Andora_3_Giorni,5.254
2026-03-31T06:00:05.784Z,Alassio_2_Giorni,7.641
2026-03-31T06:00:08.864Z,Bonassola_1_Giorno,3.023
2026-03-31T09:50:25.172Z,Andora_1_Giorno,5.799
2026-03-31T09:50:31.140Z,Andora_3_Giorni,5.876
2026-03-31T09:50:37.027Z,Alassio_2_Giorni,5.837
2026-03-31T09:50:39.610Z,Bonassola_1_Giorno,2.525
2026-03-31T14:49:05.827Z,Andora_1_Giorno,4.221
2026-03-31T14:49:08.576Z,Andora_3_Giorni,2.659
2026-03-31T14:49:12.496Z,Alassio_2_Giorni,3.87
2026-03-31T14:49:14.447Z,Bonassola_1_Giorno,1.892
2026-03-31T18:10:20.621Z,Andora_1_Giorno,3.577
2026-03-31T18:10:25.152Z,Andora_3_Giorni,4.442
2026-03-31T18:10:29.287Z,Alassio_2_Giorni,4.082
2026-03-31T18:10:32.531Z,Bonassola_1_Giorno,3.183
2026-03-31T20:07:43.070Z,Andora_1_Giorno,4.871
2026-03-31T20:07:46.402Z,Andora_3_Giorni,3.279
2026-03-31T20:07:49.942Z,Alassio_2_Giorni,3.484
2026-03-31T20:07:52.354Z,Bonassola_1_Giorno,2.323
2026-03-31T22:05:27.001Z,Andora_1_Giorno,3.885
2026-03-31T22:05:30.009Z,Andora_3_Giorni,2.951
2026-03-31T22:05:33.751Z,Alassio_2_Giorni,3.682
2026-03-31T22:05:35.802Z,Bonassola_1_Giorno,1.97
2026-03-31T23:53:40.617Z,Andora_1_Giorno,4.721
2026-03-31T23:53:43.551Z,Andora_3_Giorni,2.836
2026-03-31T23:53:47.571Z,Alassio_2_Giorni,3.972
2026-03-31T23:53:50.552Z,Bonassola_1_Giorno,2.926
2026-04-01T06:16:37.049Z,Andora_1_Giorno,3.107
2026-04-01T06:16:39.834Z,Andora_3_Giorni,2.705
2026-04-01T06:16:42.677Z,Alassio_2_Giorni,2.788
2026-04-01T06:16:44.590Z,Bonassola_1_Giorno,1.854
2026-04-01T10:16:21.035Z,Andora_1_Giorno,10.953
2026-04-01T10:16:25.255Z,Andora_3_Giorni,4.143
2026-04-01T10:16:29.653Z,Alassio_2_Giorni,4.341
2026-04-01T10:16:32.784Z,Bonassola_1_Giorno,3.077
2026-04-01T14:52:37.054Z,Andora_1_Giorno,4.047
2026-04-01T14:52:40.230Z,Andora_3_Giorni,3.1
2026-04-01T14:52:45.290Z,Alassio_2_Giorni,5.005
2026-04-01T14:52:47.428Z,Bonassola_1_Giorno,2.084
2026-04-01T18:06:46.654Z,Andora_1_Giorno,6.804
2026-04-01T18:06:51.319Z,Andora_3_Giorni,4.588
2026-04-01T18:06:56.418Z,Alassio_2_Giorni,5.045
2026-04-01T18:06:59.668Z,Bonassola_1_Giorno,3.19
2026-04-01T20:10:00.633Z,Andora_1_Giorno,4.896
2026-04-01T20:10:06.183Z,Andora_3_Giorni,5.47
2026-04-01T20:10:11.173Z,Alassio_2_Giorni,4.93
2026-04-01T20:10:13.487Z,Bonassola_1_Giorno,2.256
2026-04-01T22:06:52.347Z,Andora_1_Giorno,6.984
2026-04-01T22:06:55.978Z,Andora_3_Giorni,3.549
2026-04-01T22:07:01.511Z,Alassio_2_Giorni,5.473
2026-04-01T22:07:07.810Z,Bonassola_1_Giorno,6.236
2026-04-01T23:53:14.749Z,Andora_1_Giorno,3.921
2026-04-01T23:53:17.283Z,Andora_3_Giorni,2.464
2026-04-01T23:53:19.960Z,Alassio_2_Giorni,2.625
2026-04-01T23:53:22.490Z,Bonassola_1_Giorno,2.481
2026-04-02T05:54:06.826Z,Andora_1_Giorno,3.142
2026-04-02T05:54:09.343Z,Andora_3_Giorni,2.443
2026-04-02T05:54:12.438Z,Alassio_2_Giorni,3.036
2026-04-02T05:54:14.658Z,Bonassola_1_Giorno,2.161
2026-04-02T09:46:16.800Z,Andora_1_Giorno,5.021
2026-04-02T09:46:19.996Z,Andora_3_Giorni,3.12
2026-04-02T09:46:22.752Z,Alassio_2_Giorni,2.697
2026-04-02T09:46:24.822Z,Bonassola_1_Giorno,2.018
2026-04-02T12:03:19.195Z,Andora_1_Giorno,3.563
2026-04-02T12:03:22.313Z,Andora_3_Giorni,3.034
2026-04-02T12:03:26.018Z,Alassio_2_Giorni,3.642
2026-04-02T12:03:27.924Z,Bonassola_1_Giorno,1.85
2026-04-02T15:43:28.319Z,Andora_1_Giorno,3.544
2026-04-02T15:43:32.380Z,Andora_3_Giorni,3.985
2026-04-02T15:43:35.775Z,Alassio_2_Giorni,3.336
2026-04-02T15:43:38.049Z,Bonassola_1_Giorno,2.22
2026-04-02T18:06:54.938Z,Andora_1_Giorno,3.259
2026-04-02T18:06:57.629Z,Andora_3_Giorni,2.614
2026-04-02T18:07:00.278Z,Alassio_2_Giorni,2.584
2026-04-02T18:07:02.994Z,Bonassola_1_Giorno,2.657
2026-04-02T20:02:54.177Z,Andora_1_Giorno,4.319
2026-04-02T20:02:57.670Z,Andora_3_Giorni,3.416
2026-04-02T20:03:01.705Z,Alassio_2_Giorni,3.98
2026-04-02T20:03:03.869Z,Bonassola_1_Giorno,2.11
2026-04-02T22:01:46.697Z,Andora_1_Giorno,4.093
2026-04-02T22:01:49.971Z,Andora_3_Giorni,3.198
2026-04-02T22:01:52.933Z,Alassio_2_Giorni,2.905
2026-04-02T22:01:55.638Z,Bonassola_1_Giorno,2.649
2026-04-02T23:54:16.830Z,Andora_1_Giorno,8.308
2026-04-02T23:54:20.294Z,Andora_3_Giorni,3.395
2026-04-02T23:54:24.723Z,Alassio_2_Giorni,4.384
2026-04-02T23:54:28.315Z,Bonassola_1_Giorno,3.545
2026-04-03T05:54:15.235Z,Andora_1_Giorno,3.586
2026-04-03T05:54:18.894Z,Andora_3_Giorni,3.581
2026-04-03T05:54:22.774Z,Alassio_2_Giorni,3.819
2026-04-03T05:54:25.060Z,Bonassola_1_Giorno,2.233
2026-04-03T09:13:17.580Z,Andora_1_Giorno,4.774
2026-04-03T09:13:21.320Z,Andora_3_Giorni,3.663
2026-04-03T09:13:24.884Z,Alassio_2_Giorni,3.506
2026-04-03T09:13:27.429Z,Bonassola_1_Giorno,2.491
2026-04-03T11:27:37.501Z,Andora_1_Giorno,6.179
2026-04-03T11:27:42.496Z,Andora_3_Giorni,4.925
2026-04-03T11:27:46.664Z,Alassio_2_Giorni,4.118
2026-04-03T11:27:49.003Z,Bonassola_1_Giorno,2.289
2026-04-03T14:13:34.201Z,Andora_1_Giorno,4.85
2026-04-03T14:13:38.895Z,Andora_3_Giorni,4.616
2026-04-03T14:13:44.035Z,Alassio_2_Giorni,5.084
2026-04-03T14:13:47.306Z,Bonassola_1_Giorno,3.216
2026-04-03T16:03:06.877Z,Andora_1_Giorno,6.186
2026-04-03T16:03:10.869Z,Andora_3_Giorni,3.915
2026-04-03T16:03:15.470Z,Alassio_2_Giorni,4.545
2026-04-03T16:03:18.627Z,Bonassola_1_Giorno,3.1
2026-04-03T18:00:24.496Z,Andora_1_Giorno,4.711
2026-04-03T18:00:28.319Z,Andora_3_Giorni,3.747
2026-04-03T18:00:33.079Z,Alassio_2_Giorni,4.701
2026-04-03T18:00:35.649Z,Bonassola_1_Giorno,2.514
2026-04-03T19:58:31.545Z,Andora_1_Giorno,5.688
2026-04-03T19:58:35.859Z,Andora_3_Giorni,4.239
2026-04-03T19:58:39.425Z,Alassio_2_Giorni,3.51
2026-04-03T19:58:43.348Z,Bonassola_1_Giorno,3.871
2026-04-03T21:54:25.381Z,Andora_1_Giorno,4.457
2026-04-03T21:54:28.885Z,Andora_3_Giorni,3.427
2026-04-03T21:54:33.205Z,Alassio_2_Giorni,4.263
2026-04-03T21:54:35.254Z,Bonassola_1_Giorno,1.993
2026-04-03T23:53:39.933Z,Andora_1_Giorno,5.495
2026-04-03T23:53:43.158Z,Andora_3_Giorni,3.15
2026-04-03T23:53:45.942Z,Alassio_2_Giorni,2.729
2026-04-03T23:53:49.019Z,Bonassola_1_Giorno,3.022
2026-04-04T05:23:27.360Z,Andora_1_Giorno,4.456
2026-04-04T05:23:30.446Z,Andora_3_Giorni,3.011
2026-04-04T05:23:34.081Z,Alassio_2_Giorni,3.581
2026-04-04T05:23:36.797Z,Bonassola_1_Giorno,2.665
2026-04-04T07:59:33.031Z,Andora_1_Giorno,4.387
2026-04-04T07:59:36.382Z,Andora_3_Giorni,3.275
2026-04-04T07:59:39.837Z,Alassio_2_Giorni,3.399
2026-04-04T07:59:42.048Z,Bonassola_1_Giorno,2.157
2026-04-04T10:02:39.047Z,Andora_1_Giorno,4.025
2026-04-04T10:02:43.287Z,Andora_3_Giorni,4.16
2026-04-04T10:02:48.571Z,Alassio_2_Giorni,5.222
2026-04-04T10:02:50.718Z,Bonassola_1_Giorno,2.091
2026-04-04T11:45:41.349Z,Andora_1_Giorno,3.659
2026-04-04T11:45:43.977Z,Andora_3_Giorni,2.548
2026-04-04T11:45:47.234Z,Alassio_2_Giorni,3.18
2026-04-04T11:45:49.517Z,Bonassola_1_Giorno,2.227
2026-04-04T14:03:45.858Z,Andora_1_Giorno,6.087
2026-04-04T14:03:50.621Z,Andora_3_Giorni,4.687
2026-04-04T14:03:54.887Z,Alassio_2_Giorni,4.206
2026-04-04T14:03:58.132Z,Bonassola_1_Giorno,3.187
2026-04-04T15:51:10.412Z,Andora_1_Giorno,4.91
2026-04-04T15:51:14.509Z,Andora_3_Giorni,4.022
2026-04-04T15:51:18.564Z,Alassio_2_Giorni,4.001
2026-04-04T15:51:20.744Z,Bonassola_1_Giorno,2.118
2026-04-04T17:52:55.803Z,Andora_1_Giorno,4.446
2026-04-04T17:52:59.820Z,Andora_3_Giorni,3.937
2026-04-04T17:53:04.478Z,Alassio_2_Giorni,4.594
2026-04-04T17:53:06.765Z,Bonassola_1_Giorno,2.226
2026-04-04T19:49:40.763Z,Andora_1_Giorno,4.927
2026-04-04T19:49:44.701Z,Andora_3_Giorni,3.883
2026-04-04T19:49:50.118Z,Alassio_2_Giorni,5.373
2026-04-04T19:49:52.138Z,Bonassola_1_Giorno,1.971
2026-04-04T21:49:28.082Z,Andora_1_Giorno,5.434
2026-04-04T21:49:32.355Z,Andora_3_Giorni,4.195
2026-04-04T21:49:37.258Z,Alassio_2_Giorni,4.849
2026-04-04T21:49:40.995Z,Bonassola_1_Giorno,3.687
2026-04-04T23:50:11.665Z,Andora_1_Giorno,4.183
2026-04-04T23:50:15.072Z,Andora_3_Giorni,3.325
2026-04-04T23:50:18.125Z,Alassio_2_Giorni,2.997
2026-04-04T23:50:20.243Z,Bonassola_1_Giorno,2.062
2026-04-05T05:58:59.146Z,Andora_1_Giorno,3.77
2026-04-05T05:59:02.645Z,Andora_3_Giorni,3.423
2026-04-05T05:59:06.030Z,Alassio_2_Giorni,3.327
2026-04-05T05:59:08.033Z,Bonassola_1_Giorno,1.944
2026-04-05T08:06:17.904Z,Andora_1_Giorno,4.778
2026-04-05T08:06:22.129Z,Andora_3_Giorni,4.147
2026-04-05T08:06:25.385Z,Alassio_2_Giorni,3.197
2026-04-05T08:06:27.671Z,Bonassola_1_Giorno,2.234
2026-04-05T10:04:32.281Z,Andora_1_Giorno,3.125
2026-04-05T10:04:35.322Z,Andora_3_Giorni,2.964
2026-04-05T10:04:38.507Z,Alassio_2_Giorni,3.13
2026-04-05T10:04:41.029Z,Bonassola_1_Giorno,2.461
2026-04-05T11:47:51.192Z,Andora_1_Giorno,4.937
2026-04-05T11:47:53.717Z,Andora_3_Giorni,2.445
2026-04-05T11:47:57.146Z,Alassio_2_Giorni,3.367
2026-04-05T11:47:59.855Z,Bonassola_1_Giorno,2.655
2026-04-05T14:08:40.162Z,Andora_1_Giorno,5.871
2026-04-05T14:08:45.796Z,Andora_3_Giorni,5.555
2026-04-05T14:08:50.853Z,Alassio_2_Giorni,4.994
2026-04-05T14:08:53.170Z,Bonassola_1_Giorno,2.258
2026-04-05T15:51:20.026Z,Andora_1_Giorno,4.774
2026-04-05T15:51:23.262Z,Andora_3_Giorni,3.157
2026-04-05T15:51:27.208Z,Alassio_2_Giorni,3.887
2026-04-05T15:51:29.308Z,Bonassola_1_Giorno,2.043
2026-04-05T17:54:19.483Z,Andora_1_Giorno,4.646
2026-04-05T17:54:23.108Z,Andora_3_Giorni,3.546
2026-04-05T17:54:27.206Z,Alassio_2_Giorni,4.041
2026-04-05T17:54:29.400Z,Bonassola_1_Giorno,2.139
2026-04-05T19:52:51.340Z,Andora_1_Giorno,3.036
2026-04-05T19:52:54.070Z,Andora_3_Giorni,2.652
2026-04-05T19:52:56.899Z,Alassio_2_Giorni,2.77
2026-04-05T19:52:58.745Z,Bonassola_1_Giorno,1.792
2026-04-05T21:50:43.405Z,Andora_1_Giorno,3.768
2026-04-05T21:50:45.946Z,Andora_3_Giorni,2.462
2026-04-05T21:50:50.217Z,Alassio_2_Giorni,4.208
2026-04-05T21:50:53.420Z,Bonassola_1_Giorno,3.147
2026-04-05T23:54:16.180Z,Andora_1_Giorno,4.014
2026-04-05T23:54:19.092Z,Andora_3_Giorni,2.833
2026-04-05T23:54:23.350Z,Alassio_2_Giorni,4.203
2026-04-05T23:54:25.703Z,Bonassola_1_Giorno,2.295
2026-04-06T06:21:34.060Z,Andora_1_Giorno,3.848
2026-04-06T06:21:37.186Z,Andora_3_Giorni,3.042
2026-04-06T06:21:40.826Z,Alassio_2_Giorni,3.584
2026-04-06T06:21:42.926Z,Bonassola_1_Giorno,2.042
2026-04-06T10:40:00.697Z,Andora_1_Giorno,3.792
2026-04-06T10:40:05.668Z,Andora_3_Giorni,4.884
2026-04-06T10:40:10.719Z,Alassio_2_Giorni,4.994
2026-04-06T10:40:13.040Z,Bonassola_1_Giorno,2.262
2026-04-06T14:16:26.779Z,Andora_1_Giorno,3.423
2026-04-06T14:16:29.751Z,Andora_3_Giorni,2.887
2026-04-06T14:16:33.001Z,Alassio_2_Giorni,3.181
2026-04-06T14:16:35.304Z,Bonassola_1_Giorno,2.246
2026-04-06T16:32:36.093Z,Andora_1_Giorno,6.057
2026-04-06T16:32:39.123Z,Andora_3_Giorni,2.947
2026-04-06T16:32:42.407Z,Alassio_2_Giorni,3.227
2026-04-06T16:32:44.668Z,Bonassola_1_Giorno,2.206
2026-04-06T19:43:21.407Z,Andora_1_Giorno,3.859
2026-04-06T19:43:25.310Z,Andora_3_Giorni,3.823
2026-04-06T19:43:29.428Z,Alassio_2_Giorni,4.058
2026-04-06T19:43:32.387Z,Bonassola_1_Giorno,2.903
2026-04-06T21:52:16.251Z,Andora_1_Giorno,4.179
2026-04-06T21:52:20.169Z,Andora_3_Giorni,3.839
2026-04-06T21:52:23.723Z,Alassio_2_Giorni,3.49
2026-04-06T21:52:26.440Z,Bonassola_1_Giorno,2.663
2026-04-06T23:57:29.506Z,Andora_1_Giorno,3.451
2026-04-06T23:57:32.631Z,Andora_3_Giorni,3.048
2026-04-06T23:57:35.515Z,Alassio_2_Giorni,2.824
2026-04-06T23:57:37.768Z,Bonassola_1_Giorno,2.194
2026-04-07T06:07:43.053Z,Andora_1_Giorno,3.945
2026-04-07T06:07:46.715Z,Andora_3_Giorni,3.582
2026-04-07T06:07:50.131Z,Alassio_2_Giorni,3.357
2026-04-07T06:07:52.389Z,Bonassola_1_Giorno,2.199
2026-04-07T10:16:35.743Z,Andora_1_Giorno,4.338
2026-04-07T10:16:39.431Z,Andora_3_Giorni,3.606
2026-04-07T10:16:42.507Z,Alassio_2_Giorni,3.017
2026-04-07T10:16:45.249Z,Bonassola_1_Giorno,2.686
2026-04-07T14:55:39.945Z,Andora_1_Giorno,3.897
2026-04-07T14:55:42.327Z,Andora_3_Giorni,2.301
2026-04-07T14:55:44.837Z,Alassio_2_Giorni,2.445
2026-04-07T14:55:47.387Z,Bonassola_1_Giorno,2.49
2026-04-07T18:13:39.860Z,Andora_1_Giorno,6.623
2026-04-07T18:13:42.951Z,Andora_3_Giorni,3.007
2026-04-07T18:13:46.159Z,Alassio_2_Giorni,3.15
2026-04-07T18:13:48.170Z,Bonassola_1_Giorno,1.953
2026-04-07T20:07:56.914Z,Andora_1_Giorno,4.032
2026-04-07T20:08:01.053Z,Andora_3_Giorni,4.055
2026-04-07T20:08:04.716Z,Alassio_2_Giorni,3.602
2026-04-07T20:08:06.820Z,Bonassola_1_Giorno,2.051
2026-04-07T22:08:57.174Z,Andora_1_Giorno,15.221
2026-04-07T22:09:00.961Z,Andora_3_Giorni,3.714
2026-04-07T22:09:06.329Z,Alassio_2_Giorni,5.305
2026-04-07T22:09:10.339Z,Bonassola_1_Giorno,3.96
2026-04-08T00:07:22.062Z,Andora_1_Giorno,3.158
2026-04-08T00:07:24.966Z,Andora_3_Giorni,2.823
2026-04-08T00:07:28.080Z,Alassio_2_Giorni,3.057
2026-04-08T00:07:30.256Z,Bonassola_1_Giorno,2.119
2026-04-08T06:09:35.265Z,Andora_1_Giorno,3.367
2026-04-08T06:09:37.913Z,Andora_3_Giorni,2.563
2026-04-08T06:09:40.459Z,Alassio_2_Giorni,2.487
2026-04-08T06:09:42.723Z,Bonassola_1_Giorno,2.208
2026-04-08T10:17:19.053Z,Andora_1_Giorno,4.323
2026-04-08T10:17:22.828Z,Andora_3_Giorni,3.695
2026-04-08T10:17:26.344Z,Alassio_2_Giorni,3.455
2026-04-08T10:17:29.921Z,Bonassola_1_Giorno,3.52
2026-04-08T14:57:59.281Z,Andora_1_Giorno,7.048
2026-04-08T14:58:03.885Z,Andora_3_Giorni,4.525
2026-04-08T14:58:07.367Z,Alassio_2_Giorni,3.423
2026-04-08T14:58:09.246Z,Bonassola_1_Giorno,1.824
2026-04-08T19:48:45.929Z,Andora_1_Giorno,4.233
2026-04-08T19:48:49.953Z,Andora_3_Giorni,3.942
2026-04-08T19:48:53.432Z,Alassio_2_Giorni,3.425
2026-04-08T19:48:55.564Z,Bonassola_1_Giorno,2.072
2026-04-08T22:10:31.530Z,Andora_1_Giorno,4.37
2026-04-08T22:10:34.545Z,Andora_3_Giorni,2.938
2026-04-08T22:10:38.251Z,Alassio_2_Giorni,3.65
2026-04-08T22:10:40.396Z,Bonassola_1_Giorno,2.09
2026-04-08T23:58:28.083Z,Andora_1_Giorno,3.768
2026-04-08T23:58:30.879Z,Andora_3_Giorni,2.717
2026-04-08T23:58:34.221Z,Alassio_2_Giorni,3.283
2026-04-08T23:58:36.626Z,Bonassola_1_Giorno,2.353
2026-04-09T06:09:36.440Z,Andora_1_Giorno,7.344
2026-04-09T06:09:40.871Z,Andora_3_Giorni,4.351
2026-04-09T06:09:43.911Z,Alassio_2_Giorni,2.977
2026-04-09T06:09:47.781Z,Bonassola_1_Giorno,3.815
2026-04-09T10:40:46.713Z,Andora_1_Giorno,4.212
2026-04-09T10:40:49.204Z,Andora_3_Giorni,2.418
2026-04-09T10:40:52.769Z,Alassio_2_Giorni,3.51
2026-04-09T10:40:55.260Z,Bonassola_1_Giorno,2.443
2026-04-09T16:06:48.414Z,Andora_1_Giorno,4.721
2026-04-09T16:06:50.955Z,Andora_3_Giorni,2.46
2026-04-09T16:06:55.524Z,Alassio_2_Giorni,4.51
2026-04-09T16:06:58.153Z,Bonassola_1_Giorno,2.57
2026-04-09T20:03:43.735Z,Andora_1_Giorno,4.379
2026-04-09T20:03:46.856Z,Andora_3_Giorni,3.042
2026-04-09T20:03:50.352Z,Alassio_2_Giorni,3.439
2026-04-09T20:03:52.448Z,Bonassola_1_Giorno,2.038
2026-04-09T22:10:39.266Z,Andora_1_Giorno,3.62
2026-04-09T22:10:42.310Z,Andora_3_Giorni,2.963
2026-04-09T22:10:45.119Z,Alassio_2_Giorni,2.746
2026-04-09T22:10:47.072Z,Bonassola_1_Giorno,1.893
2026-04-10T00:04:00.337Z,Andora_1_Giorno,3.14
2026-04-10T00:04:03.098Z,Andora_3_Giorni,2.682
2026-04-10T00:04:05.909Z,Alassio_2_Giorni,2.753
2026-04-10T00:04:08.141Z,Bonassola_1_Giorno,2.175
2026-04-10T06:22:33.073Z,Andora_1_Giorno,4.049
2026-04-10T06:22:36.844Z,Andora_3_Giorni,3.689
2026-04-10T06:22:39.858Z,Alassio_2_Giorni,2.954
2026-04-10T06:22:42.042Z,Bonassola_1_Giorno,2.128
2026-04-10T10:34:53.504Z,Andora_1_Giorno,4.025
2026-04-10T10:34:56.016Z,Andora_3_Giorni,2.432
2026-04-10T10:34:59.496Z,Alassio_2_Giorni,3.425
2026-04-10T10:35:04.649Z,Bonassola_1_Giorno,5.089
2026-04-10T14:35:48.067Z,Andora_1_Giorno,5.98
2026-04-10T14:35:51.284Z,Andora_3_Giorni,3.139
2026-04-10T14:35:54.698Z,Alassio_2_Giorni,3.358
2026-04-10T14:35:56.770Z,Bonassola_1_Giorno,2.02
2026-04-10T17:49:59.462Z,Andora_1_Giorno,3.272
2026-04-10T17:50:02.822Z,Andora_3_Giorni,3.28
2026-04-10T17:50:06.160Z,Alassio_2_Giorni,3.278
2026-04-10T17:50:08.451Z,Bonassola_1_Giorno,2.233
2026-04-10T19:57:06.975Z,Andora_1_Giorno,3.222
2026-04-10T19:57:09.321Z,Andora_3_Giorni,2.267
2026-04-10T19:57:12.035Z,Alassio_2_Giorni,2.653
2026-04-10T19:57:14.703Z,Bonassola_1_Giorno,2.606
2026-04-10T22:05:54.685Z,Andora_1_Giorno,4.003
2026-04-10T22:05:58.570Z,Andora_3_Giorni,3.801
2026-04-10T22:06:02.214Z,Alassio_2_Giorni,3.585
2026-04-10T22:06:04.533Z,Bonassola_1_Giorno,2.266
2026-04-10T23:58:21.017Z,Andora_1_Giorno,3.634
2026-04-10T23:58:24.073Z,Andora_3_Giorni,2.977
2026-04-10T23:58:27.317Z,Alassio_2_Giorni,3.181
2026-04-10T23:58:30.343Z,Bonassola_1_Giorno,2.965
2026-04-11T05:40:07.809Z,Andora_1_Giorno,3.372
2026-04-11T05:40:10.479Z,Andora_3_Giorni,2.591
2026-04-11T05:40:13.725Z,Alassio_2_Giorni,3.188
2026-04-11T05:40:16.343Z,Bonassola_1_Giorno,2.561
2026-04-11T08:01:21.528Z,Andora_1_Giorno,3.936
2026-04-11T08:01:25.544Z,Andora_3_Giorni,3.937
2026-04-11T08:01:28.764Z,Alassio_2_Giorni,3.16
2026-04-11T08:01:31.094Z,Bonassola_1_Giorno,2.267
2026-04-11T10:05:34.971Z,Andora_1_Giorno,4.149
2026-04-11T10:05:38.739Z,Andora_3_Giorni,3.69
2026-04-11T10:05:43.453Z,Alassio_2_Giorni,4.655
2026-04-11T10:05:45.635Z,Bonassola_1_Giorno,2.116
2026-04-11T11:48:15.454Z,Andora_1_Giorno,4.599
2026-04-11T11:48:18.028Z,Andora_3_Giorni,2.494
2026-04-11T11:48:21.177Z,Alassio_2_Giorni,3.086
2026-04-11T11:48:23.819Z,Bonassola_1_Giorno,2.583
2026-04-11T14:09:02.273Z,Andora_1_Giorno,3.558
2026-04-11T14:09:05.674Z,Andora_3_Giorni,3.327
2026-04-11T14:09:08.407Z,Alassio_2_Giorni,2.673
2026-04-11T14:09:10.231Z,Bonassola_1_Giorno,1.766
2026-04-11T15:50:41.679Z,Andora_1_Giorno,4.058
2026-04-11T15:50:46.021Z,Andora_3_Giorni,4.27
2026-04-11T15:50:49.215Z,Alassio_2_Giorni,3.141
2026-04-11T15:50:52.178Z,Bonassola_1_Giorno,2.913
2026-04-11T17:53:41.385Z,Andora_1_Giorno,4.26
2026-04-11T17:53:44.628Z,Andora_3_Giorni,3.159
2026-04-11T17:53:47.788Z,Alassio_2_Giorni,3.094
2026-04-11T17:53:50.938Z,Bonassola_1_Giorno,3.087
2026-04-11T19:53:25.579Z,Andora_1_Giorno,3.322
2026-04-11T19:53:28.230Z,Andora_3_Giorni,2.568
2026-04-11T19:53:31.145Z,Alassio_2_Giorni,2.854
2026-04-11T19:53:33.344Z,Bonassola_1_Giorno,2.138
2026-04-11T21:52:55.891Z,Andora_1_Giorno,3.51
2026-04-11T21:52:58.935Z,Andora_3_Giorni,2.964
2026-04-11T21:53:01.728Z,Alassio_2_Giorni,2.737
2026-04-11T21:53:04.262Z,Bonassola_1_Giorno,2.476
2026-04-11T23:55:51.437Z,Andora_1_Giorno,3.355
2026-04-11T23:55:54.424Z,Andora_3_Giorni,2.905
2026-04-11T23:55:57.248Z,Alassio_2_Giorni,2.762
2026-04-11T23:55:59.292Z,Bonassola_1_Giorno,1.987
2026-04-12T06:13:48.757Z,Andora_1_Giorno,4.751
2026-04-12T06:13:51.754Z,Andora_3_Giorni,2.912
2026-04-12T06:13:54.666Z,Alassio_2_Giorni,2.855
2026-04-12T06:13:56.582Z,Bonassola_1_Giorno,1.86
2026-04-12T09:07:52.837Z,Andora_1_Giorno,3.791
2026-04-12T09:07:56.300Z,Andora_3_Giorni,3.385
2026-04-12T09:07:59.576Z,Alassio_2_Giorni,3.216
2026-04-12T09:08:01.746Z,Bonassola_1_Giorno,2.108
2026-04-12T11:10:14.809Z,Andora_1_Giorno,4.883
2026-04-12T11:10:19.532Z,Andora_3_Giorni,4.645
2026-04-12T11:10:23.230Z,Alassio_2_Giorni,3.645
2026-04-12T11:10:26.212Z,Bonassola_1_Giorno,2.933
2026-04-12T14:05:21.081Z,Andora_1_Giorno,5.181
2026-04-12T14:05:24.097Z,Andora_3_Giorni,2.933
2026-04-12T14:05:28.519Z,Alassio_2_Giorni,4.363
2026-04-12T14:05:31.174Z,Bonassola_1_Giorno,2.596
2026-04-12T15:58:04.806Z,Andora_1_Giorno,5.176
2026-04-12T15:58:08.489Z,Andora_3_Giorni,3.598
2026-04-12T15:58:13.358Z,Alassio_2_Giorni,4.807
2026-04-12T15:58:15.997Z,Bonassola_1_Giorno,2.575
2026-04-12T18:01:10.362Z,Andora_1_Giorno,9.062
2026-04-12T18:01:14.060Z,Andora_3_Giorni,3.617
2026-04-12T18:01:17.605Z,Alassio_2_Giorni,3.478
2026-04-12T18:01:20.462Z,Bonassola_1_Giorno,2.797
2026-04-12T19:57:22.370Z,Andora_1_Giorno,3.093
2026-04-12T19:57:25.058Z,Andora_3_Giorni,2.611
2026-04-12T19:57:27.801Z,Alassio_2_Giorni,2.687
2026-04-12T19:57:30.016Z,Bonassola_1_Giorno,2.154
2026-04-12T21:55:38.662Z,Andora_1_Giorno,3.348
2026-04-12T21:55:41.264Z,Andora_3_Giorni,2.521
2026-04-12T21:55:44.520Z,Alassio_2_Giorni,3.195
2026-04-12T21:55:46.791Z,Bonassola_1_Giorno,2.216
2026-04-13T00:01:11.693Z,Andora_1_Giorno,4.393
2026-04-13T00:01:15.399Z,Andora_3_Giorni,3.631
2026-04-13T00:01:19.351Z,Alassio_2_Giorni,3.893
2026-04-13T00:01:21.428Z,Bonassola_1_Giorno,2.022
2026-04-13T07:38:46.922Z,Andora_1_Giorno,3.357
2026-04-13T07:38:49.617Z,Andora_3_Giorni,2.614
2026-04-13T07:38:52.687Z,Alassio_2_Giorni,3.01
2026-04-13T07:38:55.038Z,Bonassola_1_Giorno,2.297
2026-04-13T11:57:57.278Z,Andora_1_Giorno,4.533
2026-04-13T11:58:01.070Z,Andora_3_Giorni,3.713
2026-04-13T11:58:04.361Z,Alassio_2_Giorni,3.23
2026-04-13T11:58:07.008Z,Bonassola_1_Giorno,2.593
2026-04-13T16:44:04.903Z,Andora_1_Giorno,4.024
2026-04-13T16:44:07.792Z,Andora_3_Giorni,2.803
2026-04-13T16:44:11.345Z,Alassio_2_Giorni,3.495
2026-04-13T16:44:13.672Z,Bonassola_1_Giorno,2.267
2026-04-13T20:14:18.355Z,Andora_1_Giorno,4.037
2026-04-13T20:14:22.001Z,Andora_3_Giorni,3.574
2026-04-13T20:14:25.060Z,Alassio_2_Giorni,3.008
2026-04-13T20:14:27.738Z,Bonassola_1_Giorno,2.627
2026-04-13T22:32:45.547Z,Andora_1_Giorno,4.351
2026-04-13T22:32:48.109Z,Andora_3_Giorni,2.483
2026-04-13T22:32:52.582Z,Alassio_2_Giorni,4.414
2026-04-13T22:32:55.199Z,Bonassola_1_Giorno,2.559
2026-04-14T06:10:58.628Z,Andora_1_Giorno,3.106
2026-04-14T06:11:01.403Z,Andora_3_Giorni,2.699
2026-04-14T06:11:04.175Z,Alassio_2_Giorni,2.713
2026-04-14T06:11:06.347Z,Bonassola_1_Giorno,2.116
2026-04-14T10:48:02.063Z,Andora_1_Giorno,3.599
2026-04-14T10:48:05.078Z,Andora_3_Giorni,2.935
2026-04-14T10:48:08.754Z,Alassio_2_Giorni,3.611
2026-04-14T10:48:11.737Z,Bonassola_1_Giorno,2.926
2026-04-14T15:54:37.355Z,Andora_1_Giorno,3.137
2026-04-14T15:54:40.431Z,Andora_3_Giorni,2.997
2026-04-14T15:54:43.211Z,Alassio_2_Giorni,2.72
2026-04-14T15:54:45.062Z,Bonassola_1_Giorno,1.796
2026-04-14T20:14:06.277Z,Andora_1_Giorno,3.548
2026-04-14T20:14:09.530Z,Andora_3_Giorni,3.172
2026-04-14T20:14:12.767Z,Alassio_2_Giorni,3.176
2026-04-14T20:14:15.631Z,Bonassola_1_Giorno,2.807
2026-04-14T22:34:16.905Z,Andora_1_Giorno,3.951
2026-04-14T22:34:19.815Z,Andora_3_Giorni,2.831
2026-04-14T22:34:22.716Z,Alassio_2_Giorni,2.835
2026-04-14T22:34:24.611Z,Bonassola_1_Giorno,1.837
2026-04-15T06:10:53.507Z,Andora_1_Giorno,3.731
2026-04-15T06:10:56.798Z,Andora_3_Giorni,3.208
2026-04-15T06:11:01.366Z,Alassio_2_Giorni,4.511
2026-04-15T06:11:03.996Z,Bonassola_1_Giorno,2.573
2026-04-15T10:44:09.428Z,Andora_1_Giorno,3.873
2026-04-15T10:44:12.839Z,Andora_3_Giorni,3.324
2026-04-15T10:44:16.078Z,Alassio_2_Giorni,3.175
2026-04-15T10:44:18.177Z,Bonassola_1_Giorno,2.043
2026-04-15T14:56:44.040Z,Andora_1_Giorno,3.882
2026-04-15T14:56:47.099Z,Andora_3_Giorni,2.986
2026-04-15T14:56:51.285Z,Alassio_2_Giorni,4.132
2026-04-15T14:56:53.495Z,Bonassola_1_Giorno,2.159
2026-04-15T19:51:14.650Z,Andora_1_Giorno,4.135
2026-04-15T19:51:17.261Z,Andora_3_Giorni,2.531
2026-04-15T19:51:20.433Z,Alassio_2_Giorni,3.115
2026-04-15T19:51:22.899Z,Bonassola_1_Giorno,2.409
2026-04-15T22:29:52.830Z,Andora_1_Giorno,3.175
2026-04-15T22:29:55.633Z,Andora_3_Giorni,2.724
2026-04-15T22:29:59.396Z,Alassio_2_Giorni,3.705
2026-04-15T22:30:01.251Z,Bonassola_1_Giorno,1.798
2026-04-16T06:14:58.758Z,Andora_1_Giorno,3.665
2026-04-16T06:15:02.082Z,Andora_3_Giorni,3.237
2026-04-16T06:15:05.429Z,Alassio_2_Giorni,3.285
2026-04-16T06:15:07.530Z,Bonassola_1_Giorno,2.043
2026-04-16T10:46:28.512Z,Andora_1_Giorno,3.993
2026-04-16T10:46:32.058Z,Andora_3_Giorni,3.467
2026-04-16T10:46:35.668Z,Alassio_2_Giorni,3.551
2026-04-16T10:46:37.703Z,Bonassola_1_Giorno,1.974
2026-04-16T16:11:14.984Z,Andora_1_Giorno,3.749
2026-04-16T16:11:18.037Z,Andora_3_Giorni,2.976
2026-04-16T16:11:21.143Z,Alassio_2_Giorni,3.043
2026-04-16T16:11:23.327Z,Bonassola_1_Giorno,2.128
2026-04-16T19:54:05.247Z,Andora_1_Giorno,3.791
2026-04-16T19:54:07.821Z,Andora_3_Giorni,2.497
2026-04-16T19:54:11.551Z,Alassio_2_Giorni,3.673
2026-04-16T19:54:13.661Z,Bonassola_1_Giorno,2.054
2026-04-16T22:25:22.094Z,Andora_1_Giorno,4.45
2026-04-16T22:25:26.569Z,Andora_3_Giorni,4.395
2026-04-16T22:25:30.767Z,Alassio_2_Giorni,4.127
2026-04-16T22:25:33.371Z,Bonassola_1_Giorno,2.547
2026-04-17T06:15:26.261Z,Andora_1_Giorno,3.425
2026-04-17T06:15:29.633Z,Andora_3_Giorni,3.294
2026-04-17T06:15:32.804Z,Alassio_2_Giorni,3.117
2026-04-17T06:15:34.922Z,Bonassola_1_Giorno,2.056
2026-04-17T10:37:22.463Z,Andora_1_Giorno,3.908
2026-04-17T10:37:26.880Z,Andora_3_Giorni,4.328
2026-04-17T10:37:30.673Z,Alassio_2_Giorni,3.732
2026-04-17T10:37:33.117Z,Bonassola_1_Giorno,2.383
2026-04-17T14:43:17.668Z,Andora_1_Giorno,4.394
2026-04-17T14:43:20.946Z,Andora_3_Giorni,3.211
2026-04-17T14:43:24.542Z,Alassio_2_Giorni,3.55
2026-04-17T14:43:26.795Z,Bonassola_1_Giorno,2.202
2026-04-17T17:36:05.426Z,Andora_1_Giorno,5.266
2026-04-17T17:36:08.574Z,Andora_3_Giorni,3.065
2026-04-17T17:36:12.235Z,Alassio_2_Giorni,3.6
2026-04-17T17:36:14.692Z,Bonassola_1_Giorno,2.397
2026-04-17T20:09:02.890Z,Andora_1_Giorno,5.409
2026-04-17T20:09:05.702Z,Andora_3_Giorni,2.73
2026-04-17T20:09:08.668Z,Alassio_2_Giorni,2.91
2026-04-17T20:09:11.607Z,Bonassola_1_Giorno,2.882
2026-04-17T22:09:30.657Z,Andora_1_Giorno,5.694
2026-04-17T22:09:33.467Z,Andora_3_Giorni,2.744
2026-04-17T22:09:36.435Z,Alassio_2_Giorni,2.919
2026-04-17T22:09:38.755Z,Bonassola_1_Giorno,2.275
2026-04-18T00:06:34.099Z,Andora_1_Giorno,3.422
2026-04-18T00:06:36.897Z,Andora_3_Giorni,2.719
2026-04-18T00:06:39.700Z,Alassio_2_Giorni,2.752
2026-04-18T00:06:41.715Z,Bonassola_1_Giorno,1.959
2026-04-18T05:55:03.433Z,Andora_1_Giorno,3.862
2026-04-18T05:55:06.498Z,Andora_3_Giorni,2.986
2026-04-18T05:55:10.310Z,Alassio_2_Giorni,3.746
2026-04-18T05:55:12.502Z,Bonassola_1_Giorno,2.136
2026-04-18T08:10:06.486Z,Andora_1_Giorno,4.03
2026-04-18T08:10:09.554Z,Andora_3_Giorni,2.986
2026-04-18T08:10:14.868Z,Alassio_2_Giorni,5.258
2026-04-18T08:10:16.963Z,Bonassola_1_Giorno,2.037
2026-04-18T10:27:39.440Z,Andora_1_Giorno,3.695
2026-04-18T10:27:42.163Z,Andora_3_Giorni,2.64
2026-04-18T10:27:45.162Z,Alassio_2_Giorni,2.937
2026-04-18T10:27:47.343Z,Bonassola_1_Giorno,2.124
2026-04-18T12:02:12.514Z,Andora_1_Giorno,4.559
2026-04-18T12:02:15.350Z,Andora_3_Giorni,2.761
2026-04-18T12:02:19.639Z,Alassio_2_Giorni,4.228
2026-04-18T12:02:22.344Z,Bonassola_1_Giorno,2.646
2026-04-18T14:30:05.568Z,Andora_1_Giorno,3.811
2026-04-18T14:30:09.929Z,Andora_3_Giorni,4.27
2026-04-18T14:30:13.665Z,Alassio_2_Giorni,3.669
2026-04-18T14:30:16.458Z,Bonassola_1_Giorno,2.725
2026-04-18T16:24:05.745Z,Andora_1_Giorno,2.736
2026-04-18T16:24:08.705Z,Andora_3_Giorni,2.876
2026-04-18T16:24:11.309Z,Alassio_2_Giorni,2.544
2026-04-18T16:24:13.497Z,Bonassola_1_Giorno,2.133
2026-04-18T18:07:52.120Z,Andora_1_Giorno,4.093
2026-04-18T18:07:55.480Z,Andora_3_Giorni,3.279
2026-04-18T18:07:58.798Z,Alassio_2_Giorni,3.264
2026-04-18T18:08:00.868Z,Bonassola_1_Giorno,2.013
2026-04-18T19:57:44.688Z,Andora_1_Giorno,2.715
2026-04-18T19:57:48.220Z,Andora_3_Giorni,3.454
2026-04-18T19:57:51.250Z,Alassio_2_Giorni,2.972
2026-04-18T19:57:53.126Z,Bonassola_1_Giorno,1.822
2026-04-18T21:55:12.951Z,Andora_1_Giorno,3.66
2026-04-18T21:55:17.083Z,Andora_3_Giorni,4.048
2026-04-18T21:55:20.347Z,Alassio_2_Giorni,3.194
2026-04-18T21:55:23.034Z,Bonassola_1_Giorno,2.63
2026-04-19T00:01:15.297Z,Andora_1_Giorno,4.69
2026-04-19T00:01:18.258Z,Andora_3_Giorni,2.883
2026-04-19T00:01:21.626Z,Alassio_2_Giorni,3.311
2026-04-19T00:01:24.630Z,Bonassola_1_Giorno,2.945
2026-04-19T06:20:38.077Z,Andora_1_Giorno,5.424
2026-04-19T06:20:41.118Z,Andora_3_Giorni,2.959
2026-04-19T06:20:44.372Z,Alassio_2_Giorni,3.193
2026-04-19T06:20:46.538Z,Bonassola_1_Giorno,2.107
2026-04-19T09:33:51.423Z,Andora_1_Giorno,3.38
2026-04-19T09:33:54.338Z,Andora_3_Giorni,2.835
2026-04-19T09:33:57.173Z,Alassio_2_Giorni,2.778
2026-04-19T09:33:59.439Z,Bonassola_1_Giorno,2.209
2026-04-19T11:51:11.983Z,Andora_1_Giorno,3.946
2026-04-19T11:51:15.958Z,Andora_3_Giorni,3.896
2026-04-19T11:51:20.358Z,Alassio_2_Giorni,4.344
2026-04-19T11:51:22.516Z,Bonassola_1_Giorno,2.102
2026-04-19T14:30:55.067Z,Andora_1_Giorno,4.28
2026-04-19T14:30:59.151Z,Andora_3_Giorni,4.012
2026-04-19T14:31:03.261Z,Alassio_2_Giorni,4.056
2026-04-19T14:31:06.330Z,Bonassola_1_Giorno,3.018
2026-04-19T16:07:26.830Z,Andora_1_Giorno,3.293
2026-04-19T16:07:29.591Z,Andora_3_Giorni,2.684
2026-04-19T16:07:32.354Z,Alassio_2_Giorni,2.704
2026-04-19T16:07:34.623Z,Bonassola_1_Giorno,2.209
2026-04-19T18:05:52.152Z,Andora_1_Giorno,3.233
2026-04-19T18:05:54.882Z,Andora_3_Giorni,2.649
2026-04-19T18:05:57.963Z,Alassio_2_Giorni,3.026
2026-04-19T18:05:59.889Z,Bonassola_1_Giorno,1.864
2026-04-19T19:58:30.657Z,Andora_1_Giorno,2.751
2026-04-19T19:58:33.960Z,Andora_3_Giorni,3.222
2026-04-19T19:58:36.738Z,Alassio_2_Giorni,2.722
2026-04-19T19:58:38.953Z,Bonassola_1_Giorno,2.16
2026-04-19T21:55:56.994Z,Andora_1_Giorno,3.936
2026-04-19T21:56:00.035Z,Andora_3_Giorni,2.966
2026-04-19T21:56:05.441Z,Alassio_2_Giorni,5.349
2026-04-19T21:56:07.544Z,Bonassola_1_Giorno,2.05
2026-04-20T00:03:17.829Z,Andora_1_Giorno,3.819
2026-04-20T00:03:21.162Z,Andora_3_Giorni,3.254
2026-04-20T00:03:24.267Z,Alassio_2_Giorni,3.047
2026-04-20T00:03:26.386Z,Bonassola_1_Giorno,2.063
2026-04-20T07:30:28.731Z,Andora_1_Giorno,4.056
2026-04-20T07:30:32.282Z,Andora_3_Giorni,3.472
2026-04-20T07:30:35.551Z,Alassio_2_Giorni,3.211
2026-04-20T07:30:38.086Z,Bonassola_1_Giorno,2.482
2026-04-20T11:58:19.553Z,Andora_1_Giorno,4.854
2026-04-20T11:58:23.493Z,Andora_3_Giorni,3.856
2026-04-20T11:58:26.854Z,Alassio_2_Giorni,3.303
2026-04-20T11:58:29.278Z,Bonassola_1_Giorno,2.361
2026-04-20T16:39:58.978Z,Andora_1_Giorno,3.629
2026-04-20T16:40:05.174Z,Andora_3_Giorni,6.109
2026-04-20T16:40:08.152Z,Alassio_2_Giorni,2.92
2026-04-20T16:40:10.951Z,Bonassola_1_Giorno,2.743
2026-04-20T20:06:46.814Z,Andora_1_Giorno,4.03
2026-04-20T20:06:50.242Z,Andora_3_Giorni,3.348
2026-04-20T20:06:54.973Z,Alassio_2_Giorni,4.672
2026-04-20T20:06:57.308Z,Bonassola_1_Giorno,2.271
2026-04-20T22:31:04.032Z,Andora_1_Giorno,4.417
2026-04-20T22:31:06.733Z,Andora_3_Giorni,2.625
2026-04-20T22:31:09.599Z,Alassio_2_Giorni,2.805
2026-04-20T22:31:11.856Z,Bonassola_1_Giorno,2.203
2026-04-21T06:15:05.756Z,Andora_1_Giorno,2.995
2026-04-21T06:15:08.403Z,Andora_3_Giorni,2.565
2026-04-21T06:15:11.344Z,Alassio_2_Giorni,2.88
2026-04-21T06:15:13.597Z,Bonassola_1_Giorno,2.197
2026-04-21T10:52:00.332Z,Andora_1_Giorno,4.157
2026-04-21T10:52:03.908Z,Andora_3_Giorni,3.494
2026-04-21T10:52:07.297Z,Alassio_2_Giorni,3.334
2026-04-21T10:52:09.931Z,Bonassola_1_Giorno,2.573
2026-04-21T15:58:51.404Z,Andora_1_Giorno,3.021
2026-04-21T15:58:54.032Z,Andora_3_Giorni,2.545
2026-04-21T15:58:57.227Z,Alassio_2_Giorni,3.134
2026-04-21T15:58:59.109Z,Bonassola_1_Giorno,1.828
2026-04-21T20:11:55.436Z,Andora_1_Giorno,3.951
2026-04-21T20:11:58.547Z,Andora_3_Giorni,3.037
2026-04-21T20:12:01.596Z,Alassio_2_Giorni,2.996
2026-04-21T20:12:04.059Z,Bonassola_1_Giorno,2.41
2026-04-21T22:27:36.691Z,Andora_1_Giorno,4.961
2026-04-21T22:27:39.714Z,Andora_3_Giorni,2.942
2026-04-21T22:27:43.052Z,Alassio_2_Giorni,3.279
2026-04-21T22:27:45.141Z,Bonassola_1_Giorno,2.034
2026-04-22T00:06:33.357Z,Andora_1_Giorno,3.56
2026-04-22T00:06:36.539Z,Andora_3_Giorni,3.101
2026-04-22T00:06:39.543Z,Alassio_2_Giorni,2.946
2026-04-22T00:06:42.214Z,Bonassola_1_Giorno,2.616
2026-04-22T06:26:14.648Z,Andora_1_Giorno,3.774
2026-04-22T06:26:17.618Z,Andora_3_Giorni,2.902
2026-04-22T06:26:21.250Z,Alassio_2_Giorni,3.587
2026-04-22T06:26:23.299Z,Bonassola_1_Giorno,2.006
2026-04-22T10:50:39.308Z,Andora_1_Giorno,4.142
2026-04-22T10:50:42.000Z,Andora_3_Giorni,2.611
2026-04-22T10:50:44.862Z,Alassio_2_Giorni,2.803
2026-04-22T10:50:47.097Z,Bonassola_1_Giorno,2.181
2026-04-22T15:55:19.245Z,Andora_1_Giorno,8.168
2026-04-22T15:55:22.453Z,Andora_3_Giorni,3.141
2026-04-22T15:55:26.637Z,Alassio_2_Giorni,4.139
2026-04-22T15:55:30.431Z,Bonassola_1_Giorno,3.747
2026-04-22T20:13:37.123Z,Andora_1_Giorno,3.827
2026-04-22T20:13:39.792Z,Andora_3_Giorni,2.603
2026-04-22T20:13:43.145Z,Alassio_2_Giorni,3.309
2026-04-22T20:13:45.164Z,Bonassola_1_Giorno,1.974
2026-04-22T23:09:03.666Z,Andora_1_Giorno,3.519
2026-04-22T23:09:06.941Z,Andora_3_Giorni,3.201
2026-04-22T23:09:10.865Z,Alassio_2_Giorni,3.871
2026-04-22T23:09:13.901Z,Bonassola_1_Giorno,2.986
2026-04-23T06:26:19.513Z,Andora_1_Giorno,3.533
2026-04-23T06:26:22.811Z,Andora_3_Giorni,3.221
2026-04-23T06:26:26.575Z,Alassio_2_Giorni,3.705
2026-04-23T06:26:28.812Z,Bonassola_1_Giorno,2.178
2026-04-23T10:58:38.213Z,Andora_1_Giorno,4.322
2026-04-23T10:58:41.155Z,Andora_3_Giorni,2.866
2026-04-23T10:58:44.572Z,Alassio_2_Giorni,3.356
2026-04-23T10:58:47.130Z,Bonassola_1_Giorno,2.504
2026-04-23T16:57:34.427Z,Andora_1_Giorno,3.228
2026-04-23T16:57:37.322Z,Andora_3_Giorni,2.815
2026-04-23T16:57:40.395Z,Alassio_2_Giorni,3.013
2026-04-23T16:57:43.313Z,Bonassola_1_Giorno,2.865
2026-04-23T20:37:06.054Z,Andora_1_Giorno,4.675
2026-04-23T20:37:11.074Z,Andora_3_Giorni,4.946
2026-04-23T20:37:16.109Z,Alassio_2_Giorni,4.977
2026-04-23T20:37:18.752Z,Bonassola_1_Giorno,2.591
2026-04-23T23:30:11.632Z,Andora_1_Giorno,4.414
2026-04-23T23:30:15.881Z,Andora_3_Giorni,4.169
2026-04-23T23:30:19.910Z,Alassio_2_Giorni,3.971
2026-04-23T23:30:22.138Z,Bonassola_1_Giorno,2.173
2026-04-24T06:29:12.694Z,Andora_1_Giorno,4.106
2026-04-24T06:29:16.589Z,Andora_3_Giorni,3.814
2026-04-24T06:29:20.491Z,Alassio_2_Giorni,3.845
2026-04-24T06:29:22.697Z,Bonassola_1_Giorno,2.148
2026-04-24T10:55:21.489Z,Andora_1_Giorno,3.439
2026-04-24T10:55:25.023Z,Andora_3_Giorni,3.454
2026-04-24T10:55:28.444Z,Alassio_2_Giorni,3.361
2026-04-24T10:55:30.615Z,Bonassola_1_Giorno,2.114
2026-04-24T15:50:59.474Z,Andora_1_Giorno,3.048
2026-04-24T15:51:02.573Z,Andora_3_Giorni,3.02
2026-04-24T15:51:06.150Z,Alassio_2_Giorni,3.521
2026-04-24T15:51:08.406Z,Bonassola_1_Giorno,2.201
2026-04-24T18:09:48.408Z,Andora_1_Giorno,3.298
2026-04-24T18:09:51.812Z,Andora_3_Giorni,3.329
2026-04-24T18:09:54.810Z,Alassio_2_Giorni,2.94
2026-04-24T18:09:57.102Z,Bonassola_1_Giorno,2.236
2026-04-24T20:32:32.928Z,Andora_1_Giorno,3.74
2026-04-24T20:32:36.314Z,Andora_3_Giorni,3.311
2026-04-24T20:32:39.774Z,Alassio_2_Giorni,3.402
2026-04-24T20:32:42.216Z,Bonassola_1_Giorno,2.388
2026-04-24T23:02:36.393Z,Andora_1_Giorno,3.555
2026-04-24T23:02:39.336Z,Andora_3_Giorni,2.865
2026-04-24T23:02:42.025Z,Alassio_2_Giorni,2.63
2026-04-24T23:02:43.933Z,Bonassola_1_Giorno,1.852
2026-04-25T05:58:05.532Z,Andora_1_Giorno,3.15
2026-04-25T05:58:09.245Z,Andora_3_Giorni,3.632
2026-04-25T05:58:12.353Z,Alassio_2_Giorni,3.047
2026-04-25T05:58:14.321Z,Bonassola_1_Giorno,1.902
2026-04-25T09:14:45.035Z,Andora_1_Giorno,3.107
2026-04-25T09:14:48.355Z,Andora_3_Giorni,3.245
2026-04-25T09:14:51.173Z,Alassio_2_Giorni,2.757
2026-04-25T09:14:53.317Z,Bonassola_1_Giorno,2.087
2026-04-25T11:27:41.973Z,Andora_1_Giorno,2.8
2026-04-25T11:27:44.702Z,Andora_3_Giorni,2.648
2026-04-25T11:27:47.696Z,Alassio_2_Giorni,2.936
2026-04-25T11:27:49.685Z,Bonassola_1_Giorno,1.931
2026-04-25T14:27:36.366Z,Andora_1_Giorno,3.149
2026-04-25T14:27:39.351Z,Andora_3_Giorni,2.906
2026-04-25T14:27:42.779Z,Alassio_2_Giorni,3.365
2026-04-25T14:27:44.664Z,Bonassola_1_Giorno,1.823
2026-04-25T17:05:56.436Z,Andora_1_Giorno,3.82
2026-04-25T17:05:59.352Z,Andora_3_Giorni,2.83
2026-04-25T17:06:03.204Z,Alassio_2_Giorni,3.789
2026-04-25T17:06:06.106Z,Bonassola_1_Giorno,2.841
2026-04-25T19:51:19.540Z,Andora_1_Giorno,3.937
2026-04-25T19:51:23.244Z,Andora_3_Giorni,3.622
2026-04-25T19:51:26.568Z,Alassio_2_Giorni,3.264
2026-04-25T19:51:28.682Z,Bonassola_1_Giorno,2.06
2026-04-25T22:02:25.930Z,Andora_1_Giorno,4.834
2026-04-25T22:02:29.605Z,Andora_3_Giorni,3.6
2026-04-25T22:02:32.527Z,Alassio_2_Giorni,2.863
2026-04-25T22:02:34.883Z,Bonassola_1_Giorno,2.298
2026-04-26T00:06:17.610Z,Andora_1_Giorno,4.808
2026-04-26T00:06:21.082Z,Andora_3_Giorni,3.393
2026-04-26T00:06:24.747Z,Alassio_2_Giorni,3.607
2026-04-26T00:06:27.287Z,Bonassola_1_Giorno,2.488
2026-04-26T07:05:31.242Z,Andora_1_Giorno,3.623
2026-04-26T07:05:34.584Z,Andora_3_Giorni,3.258
2026-04-26T07:05:37.392Z,Alassio_2_Giorni,2.751
2026-04-26T07:05:40.223Z,Bonassola_1_Giorno,2.772
2026-04-26T10:11:12.365Z,Andora_1_Giorno,3.234
2026-04-26T10:11:14.933Z,Andora_3_Giorni,2.486
2026-04-26T10:11:17.795Z,Alassio_2_Giorni,2.806
2026-04-26T10:11:20.231Z,Bonassola_1_Giorno,2.373
2026-04-26T12:07:01.816Z,Andora_1_Giorno,4.763
2026-04-26T12:07:04.732Z,Andora_3_Giorni,2.849
2026-04-26T12:07:07.577Z,Alassio_2_Giorni,2.79
2026-04-26T12:07:09.615Z,Bonassola_1_Giorno,1.974
2026-04-26T15:04:14.914Z,Andora_1_Giorno,4.179
2026-04-26T15:04:17.764Z,Andora_3_Giorni,2.767
2026-04-26T15:04:20.431Z,Alassio_2_Giorni,2.609
2026-04-26T15:04:22.878Z,Bonassola_1_Giorno,2.391
2026-04-26T17:26:40.672Z,Andora_1_Giorno,3.849
2026-04-26T17:26:44.322Z,Andora_3_Giorni,3.572
2026-04-26T17:26:48.476Z,Alassio_2_Giorni,4.09
2026-04-26T17:26:50.722Z,Bonassola_1_Giorno,2.187
2026-04-26T19:59:22.648Z,Andora_1_Giorno,4.192
2026-04-26T19:59:25.758Z,Andora_3_Giorni,3.032
2026-04-26T19:59:30.397Z,Alassio_2_Giorni,4.583
2026-04-26T19:59:32.590Z,Bonassola_1_Giorno,2.136
2026-04-26T22:06:08.648Z,Andora_1_Giorno,4.268
2026-04-26T22:06:11.964Z,Andora_3_Giorni,3.234
2026-04-26T22:06:15.782Z,Alassio_2_Giorni,3.753
2026-04-26T22:06:18.812Z,Bonassola_1_Giorno,2.973
2026-04-27T00:08:43.365Z,Andora_1_Giorno,3.909
2026-04-27T00:08:46.413Z,Andora_3_Giorni,2.965
2026-04-27T00:08:50.092Z,Alassio_2_Giorni,3.612
2026-04-27T00:08:53.048Z,Bonassola_1_Giorno,2.897
2026-04-27T09:11:01.235Z,Andora_1_Giorno,3.589
2026-04-27T09:11:04.506Z,Andora_3_Giorni,3.182
2026-04-27T09:11:07.936Z,Alassio_2_Giorni,3.367
2026-04-27T09:11:10.479Z,Bonassola_1_Giorno,2.479
2026-04-27T15:27:08.555Z,Andora_1_Giorno,3.46
2026-04-27T15:27:11.489Z,Andora_3_Giorni,2.856
2026-04-27T15:27:14.687Z,Alassio_2_Giorni,3.143
2026-04-27T15:27:17.298Z,Bonassola_1_Giorno,2.556
2026-04-27T20:02:01.298Z,Andora_1_Giorno,4.441
2026-04-27T20:02:05.593Z,Andora_3_Giorni,4.218
2026-04-27T20:02:09.947Z,Alassio_2_Giorni,4.298
2026-04-27T20:02:12.225Z,Bonassola_1_Giorno,2.219
2026-04-27T21:17:33.453Z,Andora_1_Giorno,3.936
2026-04-27T21:17:36.995Z,Andora_3_Giorni,3.472
2026-04-27T21:17:40.634Z,Alassio_2_Giorni,3.589
2026-04-27T21:17:43.452Z,Bonassola_1_Giorno,2.776
2026-04-27T22:10:15.437Z,Andora_1_Giorno,5.247
2026-04-27T22:10:18.489Z,Andora_3_Giorni,2.974
2026-04-27T22:10:22.048Z,Alassio_2_Giorni,3.504
2026-04-27T22:10:24.111Z,Bonassola_1_Giorno,2.009
2026-04-27T23:11:00.355Z,Andora_1_Giorno,3.823
2026-04-27T23:11:03.726Z,Andora_3_Giorni,3.309
2026-04-27T23:11:06.521Z,Alassio_2_Giorni,2.752
2026-04-27T23:11:09.354Z,Bonassola_1_Giorno,2.79
2026-04-28T00:07:19.649Z,Andora_1_Giorno,4.725
2026-04-28T00:07:24.132Z,Andora_3_Giorni,4.4
2026-04-28T00:07:28.944Z,Alassio_2_Giorni,4.751
2026-04-28T00:07:31.639Z,Bonassola_1_Giorno,2.633
2026-04-28T04:06:56.651Z,Andora_1_Giorno,5.579
2026-04-28T04:07:01.717Z,Andora_3_Giorni,4.982
2026-04-28T04:07:05.995Z,Alassio_2_Giorni,4.22
2026-04-28T04:07:09.357Z,Bonassola_1_Giorno,3.307
2026-04-28T06:45:07.735Z,Andora_1_Giorno,10.042
2026-04-28T06:45:13.247Z,Andora_3_Giorni,5.44
2026-04-28T06:45:18.255Z,Alassio_2_Giorni,4.952
2026-04-28T06:45:21.924Z,Bonassola_1_Giorno,3.614
2026-04-28T09:10:52.125Z,Andora_1_Giorno,3.584
2026-04-28T09:10:56.297Z,Andora_3_Giorni,4.09
2026-04-28T09:11:01.101Z,Alassio_2_Giorni,4.746
2026-04-28T09:11:03.774Z,Bonassola_1_Giorno,2.617
2026-04-28T11:18:06.186Z,Andora_1_Giorno,3.821
2026-04-28T11:18:09.449Z,Andora_3_Giorni,3.191
2026-04-28T11:18:13.272Z,Alassio_2_Giorni,3.772
2026-04-28T11:18:16.027Z,Bonassola_1_Giorno,2.705
2026-04-28T13:19:35.051Z,Andora_1_Giorno,11.343
2026-04-28T13:19:41.500Z,Andora_3_Giorni,6.375
2026-04-28T13:19:44.949Z,Alassio_2_Giorni,3.397
2026-04-28T13:19:48.378Z,Bonassola_1_Giorno,3.38
2026-04-28T16:09:16.310Z,Andora_1_Giorno,4.663
2026-04-28T16:09:20.470Z,Andora_3_Giorni,4.082
2026-04-28T16:09:25.285Z,Alassio_2_Giorni,4.759
2026-04-28T16:09:27.712Z,Bonassola_1_Giorno,2.37
2026-04-28T17:57:12.166Z,Andora_1_Giorno,11.091
2026-04-28T17:57:21.343Z,Andora_3_Giorni,9.104
2026-04-28T17:57:28.070Z,Alassio_2_Giorni,6.671
2026-04-28T17:57:32.326Z,Bonassola_1_Giorno,4.206
2026-04-28T19:57:27.309Z,Andora_1_Giorno,4.497
2026-04-28T19:57:30.664Z,Andora_3_Giorni,3.275
2026-04-28T19:57:34.841Z,Alassio_2_Giorni,4.115
2026-04-28T19:57:37.858Z,Bonassola_1_Giorno,2.962
2026-04-28T21:20:11.158Z,Andora_1_Giorno,3.425
2026-04-28T21:20:13.994Z,Andora_3_Giorni,2.755
2026-04-28T21:20:16.737Z,Alassio_2_Giorni,2.684
2026-04-28T21:20:18.719Z,Bonassola_1_Giorno,1.929
2026-04-28T22:39:33.644Z,Andora_1_Giorno,4.282
2026-04-28T22:39:37.038Z,Andora_3_Giorni,3.308
2026-04-28T22:39:40.432Z,Alassio_2_Giorni,3.336
2026-04-28T22:39:42.944Z,Bonassola_1_Giorno,2.455
2026-04-28T23:39:01.105Z,Andora_1_Giorno,3.96
2026-04-28T23:39:04.402Z,Andora_3_Giorni,3.218
2026-04-28T23:39:08.130Z,Alassio_2_Giorni,3.667
2026-04-28T23:39:10.720Z,Bonassola_1_Giorno,2.532
2026-04-29T01:25:11.745Z,Andora_1_Giorno,3.06
2026-04-29T01:25:14.456Z,Andora_3_Giorni,2.632
2026-04-29T01:25:17.710Z,Alassio_2_Giorni,3.193
2026-04-29T01:25:19.901Z,Bonassola_1_Giorno,2.138
2026-04-29T05:00:40.390Z,Andora_1_Giorno,5.498
2026-04-29T05:00:45.070Z,Andora_3_Giorni,4.6
2026-04-29T05:00:49.112Z,Alassio_2_Giorni,3.988
2026-04-29T05:00:51.467Z,Bonassola_1_Giorno,2.299
2026-04-29T07:36:17.256Z,Andora_1_Giorno,13.335
2026-04-29T07:36:20.651Z,Andora_3_Giorni,3.323
2026-04-29T07:36:26.023Z,Alassio_2_Giorni,5.32
2026-04-29T07:36:29.704Z,Bonassola_1_Giorno,3.624
2026-04-29T09:52:22.378Z,Andora_1_Giorno,5.758
2026-04-29T09:52:25.657Z,Andora_3_Giorni,3.199
2026-04-29T09:52:29.131Z,Alassio_2_Giorni,3.415
2026-04-29T09:52:31.098Z,Bonassola_1_Giorno,1.908
2026-04-29T11:55:18.684Z,Andora_1_Giorno,3.41
2026-04-29T11:55:21.831Z,Andora_3_Giorni,3.064
2026-04-29T11:55:25.178Z,Alassio_2_Giorni,3.283
2026-04-29T11:55:27.217Z,Bonassola_1_Giorno,1.982
2026-04-29T14:31:40.984Z,Andora_1_Giorno,3.713
2026-04-29T14:31:44.811Z,Andora_3_Giorni,3.744
2026-04-29T14:31:48.601Z,Alassio_2_Giorni,3.727
2026-04-29T14:31:51.635Z,Bonassola_1_Giorno,2.976
2026-04-29T16:20:13.162Z,Andora_1_Giorno,3.904
2026-04-29T16:20:17.111Z,Andora_3_Giorni,3.886
2026-04-29T16:20:21.443Z,Alassio_2_Giorni,4.282
2026-04-29T16:20:25.231Z,Bonassola_1_Giorno,3.738
2026-04-29T18:05:20.340Z,Andora_1_Giorno,3.029
2026-04-29T18:05:23.138Z,Andora_3_Giorni,2.717
2026-04-29T18:05:26.576Z,Alassio_2_Giorni,3.378
2026-04-29T18:05:28.769Z,Bonassola_1_Giorno,2.139
2026-04-29T19:54:43.337Z,Andora_1_Giorno,3.534
2026-04-29T19:54:46.187Z,Andora_3_Giorni,2.788
2026-04-29T19:54:49.677Z,Alassio_2_Giorni,3.445
2026-04-29T19:54:52.026Z,Bonassola_1_Giorno,2.306
2026-04-29T21:20:16.317Z,Andora_1_Giorno,8.129
2026-04-29T21:20:19.415Z,Andora_3_Giorni,3.013
2026-04-29T21:20:23.085Z,Alassio_2_Giorni,3.615
2026-04-29T21:20:25.420Z,Bonassola_1_Giorno,2.27
2026-04-29T22:39:13.014Z,Andora_1_Giorno,3.999
2026-04-29T22:39:16.432Z,Andora_3_Giorni,3.351
2026-04-29T22:39:19.982Z,Alassio_2_Giorni,3.5
2026-04-29T22:39:22.424Z,Bonassola_1_Giorno,2.395
2026-04-29T23:38:08.462Z,Andora_1_Giorno,3.79
2026-04-29T23:38:10.993Z,Andora_3_Giorni,2.454
2026-04-29T23:38:14.285Z,Alassio_2_Giorni,3.237
2026-04-29T23:38:16.366Z,Bonassola_1_Giorno,2.03
2026-04-30T01:24:00.814Z,Andora_1_Giorno,4.617
2026-04-30T01:24:03.554Z,Andora_3_Giorni,2.661
2026-04-30T01:24:06.497Z,Alassio_2_Giorni,2.882
2026-04-30T01:24:09.166Z,Bonassola_1_Giorno,2.611
2026-04-30T05:02:59.891Z,Andora_1_Giorno,4.723
2026-04-30T05:03:02.656Z,Andora_3_Giorni,2.689
2026-04-30T05:03:05.818Z,Alassio_2_Giorni,3.096
2026-04-30T05:03:07.767Z,Bonassola_1_Giorno,1.893
2026-04-30T07:39:23.986Z,Andora_1_Giorno,3.199
2026-04-30T07:39:27.618Z,Andora_3_Giorni,3.565
2026-04-30T07:39:30.709Z,Alassio_2_Giorni,3.041
2026-04-30T07:39:33.380Z,Bonassola_1_Giorno,2.62
2026-04-30T09:52:41.691Z,Andora_1_Giorno,4.142
2026-04-30T09:52:45.680Z,Andora_3_Giorni,3.911
2026-04-30T09:52:49.183Z,Alassio_2_Giorni,3.448
2026-04-30T09:52:51.301Z,Bonassola_1_Giorno,2.063
2026-04-30T11:54:15.496Z,Andora_1_Giorno,3.487
2026-04-30T11:54:19.370Z,Andora_3_Giorni,3.794
2026-04-30T11:54:23.435Z,Alassio_2_Giorni,4.004
2026-04-30T11:54:25.645Z,Bonassola_1_Giorno,2.146
2026-04-30T14:24:50.626Z,Andora_1_Giorno,3.457
2026-04-30T14:24:54.255Z,Andora_3_Giorni,3.547
2026-04-30T14:24:57.896Z,Alassio_2_Giorni,3.58
2026-04-30T14:25:00.483Z,Bonassola_1_Giorno,2.531
2026-04-30T16:10:05.475Z,Andora_1_Giorno,5.885
2026-04-30T16:10:09.195Z,Andora_3_Giorni,3.64
2026-04-30T16:10:12.786Z,Alassio_2_Giorni,3.526
2026-04-30T16:10:14.911Z,Bonassola_1_Giorno,2.067
2026-04-30T17:46:07.536Z,Andora_1_Giorno,3.058
2026-04-30T17:46:10.361Z,Andora_3_Giorni,2.743
2026-04-30T17:46:13.821Z,Alassio_2_Giorni,3.402
2026-04-30T17:46:15.739Z,Bonassola_1_Giorno,1.86
2026-04-30T18:59:47.667Z,Andora_1_Giorno,3.8
2026-04-30T18:59:50.625Z,Andora_3_Giorni,2.878
2026-04-30T18:59:53.745Z,Alassio_2_Giorni,3.064
2026-04-30T18:59:56.615Z,Bonassola_1_Giorno,2.811
2026-04-30T20:20:02.731Z,Andora_1_Giorno,4.014
2026-04-30T20:20:06.344Z,Andora_3_Giorni,3.536
2026-04-30T20:20:09.484Z,Alassio_2_Giorni,3.079
2026-04-30T20:20:12.058Z,Bonassola_1_Giorno,2.517
2026-04-30T21:41:01.625Z,Andora_1_Giorno,4.716
2026-04-30T21:41:04.689Z,Andora_3_Giorni,3.001
2026-04-30T21:41:08.047Z,Alassio_2_Giorni,3.308
2026-04-30T21:41:10.070Z,Bonassola_1_Giorno,1.979
2026-04-30T22:36:31.728Z,Andora_1_Giorno,3.065
2026-04-30T22:36:34.395Z,Andora_3_Giorni,2.587
2026-04-30T22:36:37.411Z,Alassio_2_Giorni,2.96
2026-04-30T22:36:39.387Z,Bonassola_1_Giorno,1.918
2026-04-30T23:37:18.893Z,Andora_1_Giorno,2.933
2026-04-30T23:37:21.563Z,Andora_3_Giorni,2.591
2026-04-30T23:37:24.097Z,Alassio_2_Giorni,2.478
2026-04-30T23:37:26.370Z,Bonassola_1_Giorno,2.214
2026-05-01T01:28:09.132Z,Andora_1_Giorno,7.932
2026-05-01T01:28:12.250Z,Andora_3_Giorni,3.045
2026-05-01T01:28:15.232Z,Alassio_2_Giorni,2.93
2026-05-01T01:28:27.210Z,Bonassola_1_Giorno,11.927
2026-05-01T05:28:42.080Z,Andora_1_Giorno,3.447
2026-05-01T05:28:44.473Z,Andora_3_Giorni,2.316
2026-05-01T05:28:47.409Z,Alassio_2_Giorni,2.88
2026-05-01T05:28:49.875Z,Bonassola_1_Giorno,2.412
2026-05-01T07:52:38.593Z,Andora_1_Giorno,4.231
2026-05-01T07:52:41.408Z,Andora_3_Giorni,2.736
2026-05-01T07:52:44.861Z,Alassio_2_Giorni,3.399
2026-05-01T07:52:47.306Z,Bonassola_1_Giorno,2.387
2026-05-01T09:58:33.313Z,Andora_1_Giorno,3.56
2026-05-01T09:58:36.919Z,Andora_3_Giorni,3.526
2026-05-01T09:58:39.903Z,Alassio_2_Giorni,2.928
2026-05-01T09:58:42.461Z,Bonassola_1_Giorno,2.503
2026-05-01T11:33:51.694Z,Andora_1_Giorno,3.68
2026-05-01T11:33:55.157Z,Andora_3_Giorni,3.385
2026-05-01T11:33:59.434Z,Alassio_2_Giorni,4.216
2026-05-01T11:34:03.136Z,Bonassola_1_Giorno,3.644
2026-05-01T12:41:59.303Z,Andora_1_Giorno,4.388
2026-05-01T12:42:02.002Z,Andora_3_Giorni,2.616
2026-05-01T12:42:06.027Z,Alassio_2_Giorni,3.965
2026-05-01T12:42:08.460Z,Bonassola_1_Giorno,2.38
2026-05-01T14:06:49.347Z,Andora_1_Giorno,6.148
2026-05-01T14:06:56.357Z,Andora_3_Giorni,6.935
2026-05-01T14:07:03.569Z,Alassio_2_Giorni,7.157
2026-05-01T14:07:08.789Z,Bonassola_1_Giorno,5.167
2026-05-01T15:17:17.450Z,Andora_1_Giorno,4.191
2026-05-01T15:17:20.253Z,Andora_3_Giorni,2.717
2026-05-01T15:17:23.442Z,Alassio_2_Giorni,3.122
2026-05-01T15:17:25.670Z,Bonassola_1_Giorno,2.17
2026-05-01T16:14:18.954Z,Andora_1_Giorno,4.049
2026-05-01T16:14:21.967Z,Andora_3_Giorni,2.933
2026-05-01T16:14:24.826Z,Alassio_2_Giorni,2.801
2026-05-01T16:14:26.845Z,Bonassola_1_Giorno,1.957
2026-05-01T17:15:14.171Z,Andora_1_Giorno,3.718
2026-05-01T17:15:17.474Z,Andora_3_Giorni,3.222
2026-05-01T17:15:20.565Z,Alassio_2_Giorni,3.028
2026-05-01T17:15:22.900Z,Bonassola_1_Giorno,2.272
2026-05-01T18:13:36.611Z,Andora_1_Giorno,5.794
2026-05-01T18:13:40.448Z,Andora_3_Giorni,3.769
2026-05-01T18:13:43.970Z,Alassio_2_Giorni,3.448
2026-05-01T18:13:46.956Z,Bonassola_1_Giorno,2.93
2026-05-01T19:40:20.116Z,Andora_1_Giorno,3.664
2026-05-01T19:40:23.063Z,Andora_3_Giorni,2.869
2026-05-01T19:40:27.402Z,Alassio_2_Giorni,4.276
2026-05-01T19:40:29.519Z,Bonassola_1_Giorno,2.059
2026-05-01T20:34:49.749Z,Andora_1_Giorno,3.506
2026-05-01T20:34:52.444Z,Andora_3_Giorni,2.619
2026-05-01T20:34:55.576Z,Alassio_2_Giorni,3.077
2026-05-01T20:34:57.812Z,Bonassola_1_Giorno,2.178
2026-05-01T21:38:32.673Z,Andora_1_Giorno,3.144
2026-05-01T21:38:35.529Z,Andora_3_Giorni,2.779
2026-05-01T21:38:38.688Z,Alassio_2_Giorni,3.099
2026-05-01T21:38:40.846Z,Bonassola_1_Giorno,2.097
2026-05-01T22:35:42.591Z,Andora_1_Giorno,3.518
2026-05-01T22:35:45.881Z,Andora_3_Giorni,3.208
2026-05-01T22:35:49.524Z,Alassio_2_Giorni,3.584
2026-05-01T22:35:51.717Z,Bonassola_1_Giorno,2.136
2026-05-01T23:37:38.604Z,Andora_1_Giorno,3.581
2026-05-01T23:37:41.542Z,Andora_3_Giorni,2.853
2026-05-01T23:37:44.359Z,Alassio_2_Giorni,2.754
2026-05-01T23:37:46.571Z,Bonassola_1_Giorno,2.151
2026-05-02T01:19:06.356Z,Andora_1_Giorno,7.705
2026-05-02T01:19:09.561Z,Andora_3_Giorni,3.142
2026-05-02T01:19:14.781Z,Alassio_2_Giorni,5.151
2026-05-02T01:19:17.514Z,Bonassola_1_Giorno,2.664
2026-05-02T04:47:47.190Z,Andora_1_Giorno,3.348
2026-05-02T04:47:50.242Z,Andora_3_Giorni,2.975
2026-05-02T04:47:53.868Z,Alassio_2_Giorni,3.573
2026-05-02T04:47:55.909Z,Bonassola_1_Giorno,1.983
2026-05-02T06:32:26.858Z,Andora_1_Giorno,3.683
2026-05-02T06:32:30.548Z,Andora_3_Giorni,3.613
2026-05-02T06:32:33.677Z,Alassio_2_Giorni,3.078
2026-05-02T06:32:36.502Z,Bonassola_1_Giorno,2.775
2026-05-02T08:13:33.267Z,Andora_1_Giorno,4.005
2026-05-02T08:13:36.023Z,Andora_3_Giorni,2.678
2026-05-02T08:13:39.649Z,Alassio_2_Giorni,3.572
2026-05-02T08:13:42.187Z,Bonassola_1_Giorno,2.482
2026-05-02T09:34:49.088Z,Andora_1_Giorno,3.629
2026-05-02T09:34:52.505Z,Andora_3_Giorni,3.341
2026-05-02T09:34:56.084Z,Alassio_2_Giorni,3.524
2026-05-02T09:34:58.196Z,Bonassola_1_Giorno,2.056
2026-05-02T10:34:38.642Z,Andora_1_Giorno,4.143
2026-05-02T10:34:42.207Z,Andora_3_Giorni,3.484
2026-05-02T10:34:45.689Z,Alassio_2_Giorni,3.42
2026-05-02T10:34:47.840Z,Bonassola_1_Giorno,2.09
2026-05-02T11:31:21.396Z,Andora_1_Giorno,3.724
2026-05-02T11:31:24.423Z,Andora_3_Giorni,2.947
2026-05-02T11:31:27.405Z,Alassio_2_Giorni,2.924
2026-05-02T11:31:29.925Z,Bonassola_1_Giorno,2.465
2026-05-02T12:36:04.112Z,Andora_1_Giorno,3.76
2026-05-02T12:36:06.783Z,Andora_3_Giorni,2.588
2026-05-02T12:36:09.655Z,Alassio_2_Giorni,2.812
2026-05-02T12:36:11.813Z,Bonassola_1_Giorno,2.1
2026-05-02T13:59:43.725Z,Andora_1_Giorno,3.448
2026-05-02T13:59:46.758Z,Andora_3_Giorni,2.951
2026-05-02T13:59:49.838Z,Alassio_2_Giorni,3.022
2026-05-02T13:59:52.103Z,Bonassola_1_Giorno,2.201
2026-05-02T15:05:47.876Z,Andora_1_Giorno,3.494
2026-05-02T15:05:51.119Z,Andora_3_Giorni,3.173
2026-05-02T15:05:54.571Z,Alassio_2_Giorni,3.402
2026-05-02T15:05:56.893Z,Bonassola_1_Giorno,2.274
2026-05-02T16:02:01.924Z,Andora_1_Giorno,4.399
2026-05-02T16:02:04.974Z,Andora_3_Giorni,2.969
2026-05-02T16:02:08.315Z,Alassio_2_Giorni,3.283
2026-05-02T16:02:21.189Z,Bonassola_1_Giorno,12.815
2026-05-02T17:07:26.126Z,Andora_1_Giorno,2.994
2026-05-02T17:07:29.214Z,Andora_3_Giorni,3.005
2026-05-02T17:07:33.904Z,Alassio_2_Giorni,4.628
2026-05-02T17:07:35.854Z,Bonassola_1_Giorno,1.888
2026-05-02T18:03:11.621Z,Andora_1_Giorno,3.866
2026-05-02T18:03:14.726Z,Andora_3_Giorni,3.024
2026-05-02T18:03:18.562Z,Alassio_2_Giorni,3.774
2026-05-02T18:03:21.178Z,Bonassola_1_Giorno,2.552
2026-05-02T19:18:39.783Z,Andora_1_Giorno,3.126
2026-05-02T19:18:42.467Z,Andora_3_Giorni,2.601
2026-05-02T19:18:45.827Z,Alassio_2_Giorni,3.301
2026-05-02T19:18:48.309Z,Bonassola_1_Giorno,2.421
2026-05-02T20:24:43.851Z,Andora_1_Giorno,3.469
2026-05-02T20:24:48.388Z,Andora_3_Giorni,4.46
2026-05-02T20:24:51.456Z,Alassio_2_Giorni,3.016
2026-05-02T20:24:53.688Z,Bonassola_1_Giorno,2.178
2026-05-02T21:25:17.187Z,Andora_1_Giorno,3.716
2026-05-02T21:25:21.019Z,Andora_3_Giorni,3.751
2026-05-02T21:25:24.833Z,Alassio_2_Giorni,3.758
2026-05-02T21:25:27.717Z,Bonassola_1_Giorno,2.825
2026-05-02T22:23:38.365Z,Andora_1_Giorno,3.961
2026-05-02T22:23:41.948Z,Andora_3_Giorni,3.513
2026-05-02T22:23:45.779Z,Alassio_2_Giorni,3.779
2026-05-02T22:23:48.278Z,Bonassola_1_Giorno,2.45
2026-05-02T23:28:08.817Z,Andora_1_Giorno,8.761
2026-05-02T23:28:11.974Z,Andora_3_Giorni,3.073
2026-05-02T23:28:15.737Z,Alassio_2_Giorni,3.702
2026-05-02T23:28:18.918Z,Bonassola_1_Giorno,3.124
2026-05-03T01:21:44.730Z,Andora_1_Giorno,3.947
2026-05-03T01:21:48.016Z,Andora_3_Giorni,3.206
2026-05-03T01:21:52.298Z,Alassio_2_Giorni,4.22
2026-05-03T01:21:55.036Z,Bonassola_1_Giorno,2.683
2026-05-03T05:04:10.264Z,Andora_1_Giorno,4.62
2026-05-03T05:04:14.011Z,Andora_3_Giorni,3.663
2026-05-03T05:04:18.012Z,Alassio_2_Giorni,3.941
2026-05-03T05:04:20.070Z,Bonassola_1_Giorno,1.996
2026-05-03T07:27:06.573Z,Andora_1_Giorno,4.897
2026-05-03T07:27:10.312Z,Andora_3_Giorni,3.658
2026-05-03T07:27:14.539Z,Alassio_2_Giorni,4.165
2026-05-03T07:27:17.635Z,Bonassola_1_Giorno,3.037
2026-05-03T09:08:27.776Z,Andora_1_Giorno,4.77
2026-05-03T09:08:31.836Z,Andora_3_Giorni,3.995
2026-05-03T09:08:36.147Z,Alassio_2_Giorni,4.263
2026-05-03T09:08:38.844Z,Bonassola_1_Giorno,2.652
2026-05-03T10:17:09.632Z,Andora_1_Giorno,5.376
2026-05-03T10:17:14.395Z,Andora_3_Giorni,4.684
2026-05-03T10:17:19.576Z,Alassio_2_Giorni,5.121
2026-05-03T10:17:22.381Z,Bonassola_1_Giorno,2.747
2026-05-03T11:09:56.905Z,Andora_1_Giorno,3.572
2026-05-03T11:09:59.989Z,Andora_3_Giorni,3.003
2026-05-03T11:10:05.726Z,Alassio_2_Giorni,5.674
2026-05-03T11:10:07.917Z,Bonassola_1_Giorno,2.14
2026-05-03T11:58:45.520Z,Andora_1_Giorno,4.577
2026-05-03T11:58:49.561Z,Andora_3_Giorni,3.959
2026-05-03T11:58:53.525Z,Alassio_2_Giorni,3.9
2026-05-03T11:58:56.108Z,Bonassola_1_Giorno,2.522
2026-05-03T13:50:32.126Z,Andora_1_Giorno,4.36
2026-05-03T13:50:35.988Z,Andora_3_Giorni,3.784
2026-05-03T13:50:40.626Z,Alassio_2_Giorni,4.58
2026-05-03T13:50:43.343Z,Bonassola_1_Giorno,2.662
2026-05-03T15:06:41.906Z,Andora_1_Giorno,9.254
2026-05-03T15:06:48.608Z,Andora_3_Giorni,6.628
2026-05-03T15:06:55.945Z,Alassio_2_Giorni,7.28
2026-05-03T15:06:58.715Z,Bonassola_1_Giorno,2.719
2026-05-03T16:01:51.640Z,Andora_1_Giorno,12.991
2026-05-03T16:01:56.402Z,Andora_3_Giorni,4.691
2026-05-03T16:02:01.507Z,Alassio_2_Giorni,5.046
2026-05-03T16:02:04.501Z,Bonassola_1_Giorno,2.939
2026-05-03T17:08:55.317Z,Andora_1_Giorno,4.449
2026-05-03T17:08:59.177Z,Andora_3_Giorni,3.795
2026-05-03T17:09:03.935Z,Alassio_2_Giorni,4.708
2026-05-03T17:09:06.337Z,Bonassola_1_Giorno,2.357
2026-05-03T18:04:32.789Z,Andora_1_Giorno,4.654
2026-05-03T18:04:36.377Z,Andora_3_Giorni,3.505
2026-05-03T18:04:40.836Z,Alassio_2_Giorni,4.401
2026-05-03T18:04:42.963Z,Bonassola_1_Giorno,2.067
2026-05-03T19:19:23.041Z,Andora_1_Giorno,4.398
2026-05-03T19:19:26.770Z,Andora_3_Giorni,3.651
2026-05-03T19:19:30.987Z,Alassio_2_Giorni,4.161
2026-05-03T19:19:33.774Z,Bonassola_1_Giorno,2.731
2026-05-03T20:25:45.847Z,Andora_1_Giorno,5.868
2026-05-03T20:25:50.704Z,Andora_3_Giorni,4.776
2026-05-03T20:25:55.445Z,Alassio_2_Giorni,4.684
2026-05-03T20:25:58.535Z,Bonassola_1_Giorno,3.033
2026-05-03T21:27:50.630Z,Andora_1_Giorno,3.926
2026-05-03T21:27:54.241Z,Andora_3_Giorni,3.526
2026-05-03T21:27:57.565Z,Alassio_2_Giorni,3.265
2026-05-03T21:28:00.064Z,Bonassola_1_Giorno,2.444
2026-05-03T22:24:48.371Z,Andora_1_Giorno,5.184
2026-05-03T22:24:52.396Z,Andora_3_Giorni,3.942
2026-05-03T22:24:55.953Z,Alassio_2_Giorni,3.498
2026-05-03T22:24:58.875Z,Bonassola_1_Giorno,2.866
2026-05-03T23:28:48.919Z,Andora_1_Giorno,3.693
2026-05-03T23:28:51.393Z,Andora_3_Giorni,2.402
2026-05-03T23:28:54.678Z,Alassio_2_Giorni,3.23
2026-05-03T23:28:57.539Z,Bonassola_1_Giorno,2.809
2026-05-04T01:21:06.165Z,Andora_1_Giorno,4.315
2026-05-04T01:21:10.195Z,Andora_3_Giorni,3.955
2026-05-04T01:21:14.060Z,Alassio_2_Giorni,3.809
2026-05-04T01:21:16.637Z,Bonassola_1_Giorno,2.526
2026-05-04T05:04:42.296Z,Andora_1_Giorno,3.927
2026-05-04T05:04:45.016Z,Andora_3_Giorni,2.638
2026-05-04T05:04:48.003Z,Alassio_2_Giorni,2.93
2026-05-04T05:04:50.490Z,Bonassola_1_Giorno,2.431
2026-05-04T08:03:52.574Z,Andora_1_Giorno,3.283
2026-05-04T08:03:55.696Z,Andora_3_Giorni,3.038
2026-05-04T08:03:58.734Z,Alassio_2_Giorni,2.977
2026-05-04T08:04:01.221Z,Bonassola_1_Giorno,2.431
2026-05-04T10:25:55.407Z,Andora_1_Giorno,5.118
2026-05-04T10:25:59.577Z,Andora_3_Giorni,4.088
2026-05-04T10:26:04.636Z,Alassio_2_Giorni,4.995
2026-05-04T10:26:07.658Z,Bonassola_1_Giorno,2.963
2026-05-04T12:14:12.205Z,Andora_1_Giorno,3.794
2026-05-04T12:14:16.259Z,Andora_3_Giorni,3.979
2026-05-04T12:14:20.483Z,Alassio_2_Giorni,4.167
2026-05-04T12:14:22.995Z,Bonassola_1_Giorno,2.457
2026-05-04T14:33:23.739Z,Andora_1_Giorno,5.52
2026-05-04T14:33:28.500Z,Andora_3_Giorni,4.677
2026-05-04T14:33:32.794Z,Alassio_2_Giorni,4.233
2026-05-04T14:33:35.229Z,Bonassola_1_Giorno,2.376
2026-05-04T16:23:26.219Z,Andora_1_Giorno,4.176
2026-05-04T16:23:29.385Z,Andora_3_Giorni,3.084
2026-05-04T16:23:33.519Z,Alassio_2_Giorni,4.077
2026-05-04T16:23:35.923Z,Bonassola_1_Giorno,2.347
2026-05-04T18:06:25.694Z,Andora_1_Giorno,4.694
2026-05-04T18:06:29.161Z,Andora_3_Giorni,3.385
2026-05-04T18:06:32.842Z,Alassio_2_Giorni,3.622
2026-05-04T18:06:35.173Z,Bonassola_1_Giorno,2.271
2026-05-04T19:56:06.674Z,Andora_1_Giorno,4.189
2026-05-04T19:56:10.748Z,Andora_3_Giorni,3.994
2026-05-04T19:56:14.828Z,Alassio_2_Giorni,4.022
2026-05-04T19:56:17.024Z,Bonassola_1_Giorno,2.136
2026-05-04T21:20:33.735Z,Andora_1_Giorno,3.906
2026-05-04T21:20:37.167Z,Andora_3_Giorni,3.366
2026-05-04T21:20:40.885Z,Alassio_2_Giorni,3.666
2026-05-04T21:20:44.418Z,Bonassola_1_Giorno,3.47
2026-05-04T22:40:55.717Z,Andora_1_Giorno,3.692
2026-05-04T22:40:59.129Z,Andora_3_Giorni,3.332
2026-05-04T22:41:02.828Z,Alassio_2_Giorni,3.639
2026-05-04T22:41:05.434Z,Bonassola_1_Giorno,2.543
2026-05-04T23:37:01.522Z,Andora_1_Giorno,3.456
2026-05-04T23:37:04.653Z,Andora_3_Giorni,3.051
2026-05-04T23:37:08.276Z,Alassio_2_Giorni,3.563
2026-05-04T23:37:10.293Z,Bonassola_1_Giorno,1.959
2026-05-05T01:19:46.689Z,Andora_1_Giorno,4.026
2026-05-05T01:19:49.816Z,Andora_3_Giorni,3.061
2026-05-05T01:19:52.485Z,Alassio_2_Giorni,2.622
2026-05-05T01:19:54.519Z,Bonassola_1_Giorno,1.985
2026-05-05T04:49:06.465Z,Andora_1_Giorno,3.062
2026-05-05T04:49:09.077Z,Andora_3_Giorni,2.536
2026-05-05T04:49:11.730Z,Alassio_2_Giorni,2.595
2026-05-05T04:49:14.167Z,Bonassola_1_Giorno,2.38
2026-05-05T07:27:48.996Z,Andora_1_Giorno,3.648
2026-05-05T07:27:52.510Z,Andora_3_Giorni,3.448
2026-05-05T07:27:55.792Z,Alassio_2_Giorni,3.229
2026-05-05T07:27:57.756Z,Bonassola_1_Giorno,1.916
2026-05-05T09:32:04.536Z,Andora_1_Giorno,4.285
2026-05-05T09:32:07.845Z,Andora_3_Giorni,3.243
2026-05-05T09:32:11.255Z,Alassio_2_Giorni,3.36
2026-05-05T09:32:14.083Z,Bonassola_1_Giorno,2.783
2026-05-05T11:06:29.022Z,Andora_1_Giorno,3.374
2026-05-05T11:06:32.016Z,Andora_3_Giorni,2.902
2026-05-05T11:06:35.670Z,Alassio_2_Giorni,3.594
2026-05-05T11:06:37.838Z,Bonassola_1_Giorno,2.109
2026-05-05T12:13:35.044Z,Andora_1_Giorno,3.647
2026-05-05T12:13:37.819Z,Andora_3_Giorni,2.696
2026-05-05T12:13:41.125Z,Alassio_2_Giorni,3.244
2026-05-05T12:13:43.198Z,Bonassola_1_Giorno,2.015
2026-05-05T14:29:24.096Z,Andora_1_Giorno,3.288
2026-05-05T14:29:27.041Z,Andora_3_Giorni,2.87
2026-05-05T14:29:30.312Z,Alassio_2_Giorni,3.213
2026-05-05T14:29:32.936Z,Bonassola_1_Giorno,2.572
2026-05-05T16:17:46.986Z,Andora_1_Giorno,4.576
2026-05-05T16:17:50.966Z,Andora_3_Giorni,3.898
2026-05-05T16:17:54.158Z,Alassio_2_Giorni,3.133
2026-05-05T16:17:56.250Z,Bonassola_1_Giorno,2.037
2026-05-05T17:53:26.306Z,Andora_1_Giorno,4.161
2026-05-05T17:53:30.002Z,Andora_3_Giorni,3.617
2026-05-05T17:53:33.382Z,Alassio_2_Giorni,3.322
2026-05-05T17:53:36.258Z,Bonassola_1_Giorno,2.818
2026-05-05T22:16:31.520Z,Alassio_2_Giorni,10.788
2026-05-05T22:16:34.191Z,Bonassola_1_Giorno,2.589
2026-05-05T23:13:44.704Z,Andora_1_Giorno,4.213
2026-05-05T23:13:47.403Z,Andora_3_Giorni,2.62
2026-05-05T23:13:50.214Z,Alassio_2_Giorni,2.754
2026-05-05T23:13:52.681Z,Bonassola_1_Giorno,2.408
2026-05-06T00:06:37.393Z,Andora_1_Giorno,6.239
2026-05-06T00:06:40.995Z,Andora_3_Giorni,3.531
2026-05-06T00:06:44.784Z,Alassio_2_Giorni,3.734
2026-05-06T00:06:47.089Z,Bonassola_1_Giorno,2.254
2026-05-06T04:06:19.564Z,Andora_1_Giorno,4.737
2026-05-06T04:06:23.573Z,Andora_3_Giorni,3.927
2026-05-06T04:06:28.180Z,Alassio_2_Giorni,4.548
2026-05-06T04:06:30.641Z,Bonassola_1_Giorno,2.403
2026-05-06T06:47:58.631Z,Andora_1_Giorno,4.487
2026-05-06T06:48:01.804Z,Andora_3_Giorni,3.096
2026-05-06T06:48:05.011Z,Alassio_2_Giorni,3.151
2026-05-06T06:48:06.988Z,Bonassola_1_Giorno,1.917
2026-05-06T09:12:20.490Z,Andora_1_Giorno,4.399
2026-05-06T09:12:23.688Z,Andora_3_Giorni,3.117
2026-05-06T09:12:26.826Z,Alassio_2_Giorni,3.08
2026-05-06T09:12:28.791Z,Bonassola_1_Giorno,1.907
2026-05-06T11:20:55.884Z,Andora_1_Giorno,5.046
2026-05-06T11:20:59.401Z,Andora_3_Giorni,3.442
2026-05-06T11:21:04.120Z,Alassio_2_Giorni,4.664
2026-05-06T11:21:07.060Z,Bonassola_1_Giorno,2.893
2026-05-06T13:20:23.431Z,Andora_1_Giorno,3.372
2026-05-06T13:20:26.253Z,Andora_3_Giorni,2.746
2026-05-06T13:20:28.917Z,Alassio_2_Giorni,2.603
2026-05-06T13:20:31.163Z,Bonassola_1_Giorno,2.19
2026-05-06T15:53:49.221Z,Andora_1_Giorno,4.045
2026-05-06T15:53:53.375Z,Andora_3_Giorni,4.074
2026-05-06T15:53:57.380Z,Alassio_2_Giorni,3.948
2026-05-06T15:54:04.818Z,Bonassola_1_Giorno,7.38
2026-05-06T17:53:11.264Z,Andora_1_Giorno,4.262
2026-05-06T17:53:14.671Z,Andora_3_Giorni,3.323
2026-05-06T17:53:18.099Z,Alassio_2_Giorni,3.364
2026-05-06T17:53:20.221Z,Bonassola_1_Giorno,2.066
2026-05-06T20:02:16.748Z,Andora_1_Giorno,4.101
2026-05-06T20:02:19.711Z,Andora_3_Giorni,2.886
2026-05-06T20:02:23.188Z,Alassio_2_Giorni,3.421
2026-05-06T20:02:25.247Z,Bonassola_1_Giorno,2.009
2026-05-06T21:32:47.972Z,Andora_1_Giorno,3.695
2026-05-06T21:32:50.786Z,Andora_3_Giorni,2.738
2026-05-06T21:32:54.206Z,Alassio_2_Giorni,3.359
2026-05-06T21:32:56.405Z,Bonassola_1_Giorno,2.145
2026-05-06T22:32:11.063Z,Andora_1_Giorno,3.722
2026-05-06T22:32:14.537Z,Andora_3_Giorni,3.395
2026-05-06T22:32:17.819Z,Alassio_2_Giorni,3.226
2026-05-06T22:32:20.627Z,Bonassola_1_Giorno,2.755
2026-05-06T23:36:19.835Z,Andora_1_Giorno,3.544
2026-05-06T23:36:22.984Z,Andora_3_Giorni,3.071
2026-05-06T23:36:26.186Z,Alassio_2_Giorni,3.144
2026-05-06T23:36:28.239Z,Bonassola_1_Giorno,1.999
2026-05-07T01:24:24.015Z,Andora_1_Giorno,3.618
2026-05-07T01:24:28.343Z,Andora_3_Giorni,4.247
2026-05-07T01:24:32.162Z,Alassio_2_Giorni,3.758
2026-05-07T01:24:35.267Z,Bonassola_1_Giorno,3.046
2026-05-07T05:04:02.421Z,Andora_1_Giorno,8.607
2026-05-07T05:04:05.403Z,Andora_3_Giorni,2.9
2026-05-07T05:04:10.362Z,Alassio_2_Giorni,4.899
2026-05-07T05:04:12.712Z,Bonassola_1_Giorno,2.293
2026-05-07T08:00:45.840Z,Andora_1_Giorno,4.672
2026-05-07T08:00:49.162Z,Andora_3_Giorni,3.242
2026-05-07T08:00:53.600Z,Alassio_2_Giorni,4.367
2026-05-07T08:00:55.956Z,Bonassola_1_Giorno,2.292
2026-05-07T10:37:35.884Z,Andora_1_Giorno,5.196
2026-05-07T10:37:40.636Z,Andora_3_Giorni,4.678
2026-05-07T10:37:45.526Z,Alassio_2_Giorni,4.83
2026-05-07T10:37:47.860Z,Bonassola_1_Giorno,2.278
2026-05-07T12:22:27.803Z,Andora_1_Giorno,4.464
2026-05-07T12:22:32.036Z,Andora_3_Giorni,4.153
2026-05-07T12:22:36.429Z,Alassio_2_Giorni,4.333
2026-05-07T12:22:39.570Z,Bonassola_1_Giorno,3.086
2026-05-07T15:18:35.165Z,Andora_1_Giorno,4.624
2026-05-07T15:18:39.575Z,Andora_3_Giorni,4.331
2026-05-07T15:18:44.005Z,Alassio_2_Giorni,4.377
2026-05-07T15:18:46.276Z,Bonassola_1_Giorno,2.218
2026-05-07T17:26:33.648Z,Andora_1_Giorno,4.447
2026-05-07T17:26:37.049Z,Andora_3_Giorni,3.328
2026-05-07T17:26:43.708Z,Alassio_2_Giorni,6.61
2026-05-07T17:26:46.795Z,Bonassola_1_Giorno,3.035
2026-05-07T19:19:30.063Z,Andora_1_Giorno,4.181
2026-05-07T19:19:33.540Z,Andora_3_Giorni,3.398
2026-05-07T19:19:38.288Z,Alassio_2_Giorni,4.69
2026-05-07T19:19:40.921Z,Bonassola_1_Giorno,2.579
2026-05-07T20:50:46.543Z,Andora_1_Giorno,3.67
2026-05-07T20:50:49.403Z,Andora_3_Giorni,2.784
2026-05-07T20:50:52.223Z,Alassio_2_Giorni,2.765
2026-05-07T20:50:54.202Z,Bonassola_1_Giorno,1.922
2026-05-07T22:17:14.613Z,Andora_1_Giorno,3.072
2026-05-07T22:17:17.682Z,Andora_3_Giorni,2.982
2026-05-07T22:17:21.012Z,Alassio_2_Giorni,3.268
2026-05-07T22:17:23.151Z,Bonassola_1_Giorno,2.082
2026-05-07T23:14:20.173Z,Andora_1_Giorno,4.778
2026-05-07T23:14:22.890Z,Andora_3_Giorni,2.634
2026-05-07T23:14:25.904Z,Alassio_2_Giorni,2.959
2026-05-07T23:14:28.089Z,Bonassola_1_Giorno,2.122
2026-05-08T00:08:34.516Z,Andora_1_Giorno,3.853
2026-05-08T00:08:37.516Z,Andora_3_Giorni,2.918
2026-05-08T00:08:40.373Z,Alassio_2_Giorni,2.795
2026-05-08T00:08:42.543Z,Bonassola_1_Giorno,2.115
2026-05-08T03:54:20.907Z,Andora_1_Giorno,4.255
2026-05-08T03:54:24.195Z,Andora_3_Giorni,3.222
2026-05-08T03:54:27.689Z,Alassio_2_Giorni,3.446
2026-05-08T03:54:30.115Z,Bonassola_1_Giorno,2.374
2026-05-08T06:10:49.259Z,Andora_1_Giorno,4.85
2026-05-08T06:10:51.909Z,Andora_3_Giorni,2.572
2026-05-08T06:10:55.753Z,Alassio_2_Giorni,3.788
2026-05-08T06:10:57.633Z,Bonassola_1_Giorno,1.822
2026-05-08T07:58:45.128Z,Andora_1_Giorno,3.917
2026-05-08T07:58:48.176Z,Andora_3_Giorni,2.968
2026-05-08T07:58:52.612Z,Alassio_2_Giorni,4.373
2026-05-08T07:58:54.804Z,Bonassola_1_Giorno,2.133
2026-05-08T09:54:18.687Z,Andora_1_Giorno,4.281
2026-05-08T09:54:22.841Z,Andora_3_Giorni,4.071
2026-05-08T09:54:27.342Z,Alassio_2_Giorni,4.435
2026-05-08T09:54:29.436Z,Bonassola_1_Giorno,2.035
2026-05-08T11:46:01.281Z,Andora_1_Giorno,3.819
2026-05-08T11:46:05.180Z,Andora_3_Giorni,3.821
2026-05-08T11:46:08.567Z,Alassio_2_Giorni,3.33
2026-05-08T11:46:11.447Z,Bonassola_1_Giorno,2.821
2026-05-08T13:00:48.290Z,Andora_1_Giorno,4.889
2026-05-08T13:00:52.857Z,Andora_3_Giorni,4.485
2026-05-08T13:00:57.264Z,Alassio_2_Giorni,4.352
2026-05-08T13:01:00.231Z,Bonassola_1_Giorno,2.909
2026-05-08T15:03:13.770Z,Andora_1_Giorno,4.584
2026-05-08T15:03:17.128Z,Andora_3_Giorni,3.279
2026-05-08T15:03:20.192Z,Alassio_2_Giorni,3.004
2026-05-08T15:03:22.425Z,Bonassola_1_Giorno,2.171
2026-05-08T16:45:07.393Z,Andora_1_Giorno,2.945
2026-05-08T16:45:10.409Z,Andora_3_Giorni,2.94
2026-05-08T16:45:13.676Z,Alassio_2_Giorni,3.206
2026-05-08T16:45:15.569Z,Bonassola_1_Giorno,1.836
2026-05-08T18:00:24.096Z,Andora_1_Giorno,13.259
2026-05-08T18:00:34.332Z,Andora_3_Giorni,10.161
2026-05-08T18:00:43.262Z,Alassio_2_Giorni,8.878
2026-05-08T18:00:46.862Z,Bonassola_1_Giorno,3.551
2026-05-08T19:46:18.134Z,Andora_1_Giorno,3.404
2026-05-08T19:46:21.675Z,Andora_3_Giorni,3.458
2026-05-08T19:46:25.168Z,Alassio_2_Giorni,3.43
2026-05-08T19:46:27.139Z,Bonassola_1_Giorno,1.912
2026-05-08T20:42:22.772Z,Andora_1_Giorno,4.227
2026-05-08T20:42:26.635Z,Andora_3_Giorni,3.781
2026-05-08T20:42:30.517Z,Alassio_2_Giorni,3.82
2026-05-08T20:42:32.590Z,Bonassola_1_Giorno,2.015
2026-05-08T21:41:44.857Z,Andora_1_Giorno,4.05
2026-05-08T21:41:48.823Z,Andora_3_Giorni,3.885
2026-05-08T21:41:52.499Z,Alassio_2_Giorni,3.618
2026-05-08T21:41:54.871Z,Bonassola_1_Giorno,2.312
2026-05-08T22:38:23.463Z,Andora_1_Giorno,3.523
2026-05-08T22:38:26.325Z,Andora_3_Giorni,2.788
2026-05-08T22:38:29.054Z,Alassio_2_Giorni,2.673
2026-05-08T22:38:31.035Z,Bonassola_1_Giorno,1.927
2026-05-08T23:39:48.458Z,Andora_1_Giorno,4.184
2026-05-08T23:39:52.135Z,Andora_3_Giorni,3.601
2026-05-08T23:39:55.581Z,Alassio_2_Giorni,3.384
2026-05-08T23:39:58.084Z,Bonassola_1_Giorno,2.446
2026-05-09T01:23:42.249Z,Andora_1_Giorno,3.585
2026-05-09T01:23:44.781Z,Andora_3_Giorni,2.448
2026-05-09T01:23:48.447Z,Alassio_2_Giorni,3.611
2026-05-09T01:23:51.042Z,Bonassola_1_Giorno,2.538
2026-05-09T04:56:06.963Z,Andora_1_Giorno,4.656
2026-05-09T04:56:10.507Z,Andora_3_Giorni,3.462
2026-05-09T04:56:13.833Z,Alassio_2_Giorni,3.266
2026-05-09T04:56:16.205Z,Bonassola_1_Giorno,2.317
2026-05-09T07:22:20.278Z,Andora_1_Giorno,4.003
2026-05-09T07:22:22.874Z,Andora_3_Giorni,2.518
2026-05-09T07:22:27.203Z,Alassio_2_Giorni,4.272
2026-05-09T07:22:29.757Z,Bonassola_1_Giorno,2.498
2026-05-09T09:03:44.205Z,Andora_1_Giorno,6.285
2026-05-09T09:03:48.430Z,Andora_3_Giorni,4.146
2026-05-09T09:03:52.639Z,Alassio_2_Giorni,4.156
2026-05-09T09:03:57.697Z,Bonassola_1_Giorno,4.999
2026-05-09T10:17:06.057Z,Andora_1_Giorno,4.448
2026-05-09T10:17:09.589Z,Andora_3_Giorni,3.45
2026-05-09T10:17:14.713Z,Alassio_2_Giorni,5.062
2026-05-09T10:17:17.112Z,Bonassola_1_Giorno,2.341
2026-05-09T11:13:46.115Z,Andora_1_Giorno,4.202
2026-05-09T11:13:49.857Z,Andora_3_Giorni,3.659
2026-05-09T11:13:54.831Z,Alassio_2_Giorni,4.911
2026-05-09T11:13:57.293Z,Bonassola_1_Giorno,2.405
2026-05-09T12:02:30.165Z,Andora_1_Giorno,3.286
2026-05-09T12:02:33.879Z,Andora_3_Giorni,3.637
2026-05-09T12:02:37.677Z,Alassio_2_Giorni,3.736
2026-05-09T12:02:40.275Z,Bonassola_1_Giorno,2.54
2026-05-09T13:53:34.860Z,Andora_1_Giorno,5.117
2026-05-09T13:53:38.818Z,Andora_3_Giorni,3.877
2026-05-09T13:53:42.719Z,Alassio_2_Giorni,3.842
2026-05-09T13:53:45.268Z,Bonassola_1_Giorno,2.495
2026-05-09T15:14:40.842Z,Andora_1_Giorno,3.385
2026-05-09T15:14:44.285Z,Andora_3_Giorni,3.364
2026-05-09T15:14:47.522Z,Alassio_2_Giorni,3.178
2026-05-09T15:14:49.454Z,Bonassola_1_Giorno,1.874
2026-05-09T16:10:19.052Z,Andora_1_Giorno,5.095
2026-05-09T16:10:21.968Z,Andora_3_Giorni,2.837
2026-05-09T16:10:24.770Z,Alassio_2_Giorni,2.739
2026-05-09T16:10:26.719Z,Bonassola_1_Giorno,1.889
2026-05-09T17:13:28.571Z,Andora_1_Giorno,4.119
2026-05-09T17:13:31.457Z,Andora_3_Giorni,2.805
2026-05-09T17:13:34.924Z,Alassio_2_Giorni,3.411
2026-05-09T17:13:37.302Z,Bonassola_1_Giorno,2.326
2026-05-09T18:06:13.463Z,Andora_1_Giorno,5.978
2026-05-09T18:06:18.811Z,Andora_3_Giorni,5.273
2026-05-09T18:06:26.727Z,Alassio_2_Giorni,7.866
2026-05-09T18:06:31.139Z,Bonassola_1_Giorno,4.361
2026-05-09T19:34:08.900Z,Andora_1_Giorno,3.58
2026-05-09T19:34:11.558Z,Andora_3_Giorni,2.587
2026-05-09T19:34:14.762Z,Alassio_2_Giorni,3.155
2026-05-09T19:34:16.856Z,Bonassola_1_Giorno,2.047
2026-05-09T20:27:08.241Z,Andora_1_Giorno,4.62
2026-05-09T20:27:12.110Z,Andora_3_Giorni,3.789
2026-05-09T20:27:15.417Z,Alassio_2_Giorni,3.249
2026-05-09T20:27:18.731Z,Bonassola_1_Giorno,3.255
2026-05-09T21:29:00.452Z,Andora_1_Giorno,3.475
2026-05-09T21:29:03.693Z,Andora_3_Giorni,3.156
2026-05-09T21:29:07.605Z,Alassio_2_Giorni,3.852
2026-05-09T21:29:10.009Z,Bonassola_1_Giorno,2.342
2026-05-09T22:26:33.025Z,Andora_1_Giorno,4.25
2026-05-09T22:26:36.785Z,Andora_3_Giorni,3.678
2026-05-09T22:26:40.377Z,Alassio_2_Giorni,3.535
2026-05-09T22:26:43.239Z,Bonassola_1_Giorno,2.805
2026-05-09T23:31:27.311Z,Andora_1_Giorno,4.469
2026-05-09T23:31:31.137Z,Andora_3_Giorni,3.753
2026-05-09T23:31:35.498Z,Alassio_2_Giorni,4.31
2026-05-09T23:31:38.992Z,Bonassola_1_Giorno,3.443
2026-05-10T01:26:10.881Z,Andora_1_Giorno,3.331
2026-05-10T01:26:13.816Z,Andora_3_Giorni,2.855
2026-05-10T01:26:16.651Z,Alassio_2_Giorni,2.776
2026-05-10T01:26:19.052Z,Bonassola_1_Giorno,2.345
2026-05-10T05:23:07.963Z,Andora_1_Giorno,7.83
2026-05-10T05:23:12.064Z,Andora_3_Giorni,4.031
2026-05-10T05:23:16.978Z,Alassio_2_Giorni,4.858
2026-05-10T05:23:20.012Z,Bonassola_1_Giorno,2.981
2026-05-10T07:48:57.512Z,Andora_1_Giorno,5.096
2026-05-10T07:49:02.372Z,Andora_3_Giorni,4.782
2026-05-10T07:49:07.418Z,Alassio_2_Giorni,4.986
2026-05-10T07:49:10.620Z,Bonassola_1_Giorno,3.148
2026-05-10T09:48:55.955Z,Andora_1_Giorno,4.312
2026-05-10T09:48:59.838Z,Andora_3_Giorni,3.801
2026-05-10T09:49:03.847Z,Alassio_2_Giorni,3.952
2026-05-10T09:49:06.335Z,Bonassola_1_Giorno,2.434
2026-05-10T11:14:15.549Z,Andora_1_Giorno,4.349
2026-05-10T11:14:19.335Z,Andora_3_Giorni,3.707
2026-05-10T11:14:23.290Z,Alassio_2_Giorni,3.891
2026-05-10T11:14:25.951Z,Bonassola_1_Giorno,2.603
2026-05-10T12:04:47.162Z,Andora_1_Giorno,3.867
2026-05-10T12:04:50.857Z,Andora_3_Giorni,3.616
2026-05-10T12:04:55.281Z,Alassio_2_Giorni,4.362
2026-05-10T12:04:57.414Z,Bonassola_1_Giorno,2.07
2026-05-10T13:56:45.565Z,Andora_1_Giorno,4.694
2026-05-10T13:56:49.799Z,Andora_3_Giorni,4.154
2026-05-10T13:56:54.369Z,Alassio_2_Giorni,4.511
2026-05-10T13:56:57.453Z,Bonassola_1_Giorno,3.027
2026-05-10T15:14:35.144Z,Andora_1_Giorno,4.119
2026-05-10T15:14:38.391Z,Andora_3_Giorni,3.169
2026-05-10T15:14:41.349Z,Alassio_2_Giorni,2.899
2026-05-10T15:14:43.735Z,Bonassola_1_Giorno,2.329
2026-05-10T16:11:28.990Z,Andora_1_Giorno,3.824
2026-05-10T16:11:32.461Z,Andora_3_Giorni,3.394
2026-05-10T16:11:36.043Z,Alassio_2_Giorni,3.523
2026-05-10T16:11:38.630Z,Bonassola_1_Giorno,2.53
2026-05-10T17:13:56.560Z,Andora_1_Giorno,3.523
2026-05-10T17:13:59.840Z,Andora_3_Giorni,3.198
2026-05-10T17:14:04.741Z,Alassio_2_Giorni,4.845
2026-05-10T17:14:07.455Z,Bonassola_1_Giorno,2.658
2026-05-10T18:08:01.675Z,Andora_1_Giorno,3.535
2026-05-10T18:08:04.962Z,Andora_3_Giorni,3.222
2026-05-10T18:08:08.132Z,Alassio_2_Giorni,3.121
2026-05-10T18:08:10.076Z,Bonassola_1_Giorno,1.899
2026-05-10T19:34:14.333Z,Andora_1_Giorno,3.893
2026-05-10T19:34:18.087Z,Andora_3_Giorni,3.671
2026-05-10T19:34:22.243Z,Alassio_2_Giorni,4.098
2026-05-10T19:34:24.484Z,Bonassola_1_Giorno,2.185
2026-05-10T20:29:41.048Z,Andora_1_Giorno,4.112
2026-05-10T20:29:45.488Z,Andora_3_Giorni,4.364
2026-05-10T20:29:49.336Z,Alassio_2_Giorni,3.78
2026-05-10T20:29:52.149Z,Bonassola_1_Giorno,2.75
2026-05-10T21:34:18.655Z,Andora_1_Giorno,4.147
2026-05-10T21:34:22.885Z,Andora_3_Giorni,4.168
2026-05-10T21:34:26.545Z,Alassio_2_Giorni,3.612
2026-05-10T21:34:28.807Z,Bonassola_1_Giorno,2.218
2026-05-10T22:29:46.949Z,Andora_1_Giorno,3.558
2026-05-10T22:29:50.159Z,Andora_3_Giorni,3.133
2026-05-10T22:29:53.514Z,Alassio_2_Giorni,3.296
2026-05-10T22:29:55.952Z,Bonassola_1_Giorno,2.384
2026-05-10T23:36:07.177Z,Andora_1_Giorno,4.413
2026-05-10T23:36:10.819Z,Andora_3_Giorni,3.559
2026-05-10T23:36:14.562Z,Alassio_2_Giorni,3.688
2026-05-10T23:36:16.720Z,Bonassola_1_Giorno,2.102
2026-05-11T01:30:59.913Z,Andora_1_Giorno,3.325
2026-05-11T01:31:02.646Z,Andora_3_Giorni,2.65
2026-05-11T01:31:05.367Z,Alassio_2_Giorni,2.662
2026-05-11T01:31:07.315Z,Bonassola_1_Giorno,1.89
2026-05-11T05:44:00.804Z,Andora_1_Giorno,3.971
2026-05-11T05:44:04.469Z,Andora_3_Giorni,3.584
2026-05-11T05:44:08.437Z,Alassio_2_Giorni,3.908
2026-05-11T05:44:10.570Z,Bonassola_1_Giorno,2.077
2026-05-11T08:48:41.689Z,Andora_1_Giorno,3.191
2026-05-11T08:48:45.129Z,Andora_3_Giorni,3.361
2026-05-11T08:48:49.214Z,Alassio_2_Giorni,4.027
2026-05-11T08:48:51.502Z,Bonassola_1_Giorno,2.235
2026-05-11T12:23:20.060Z,Andora_1_Giorno,5.177
2026-05-11T12:23:24.187Z,Andora_3_Giorni,4.033
2026-05-11T12:23:28.403Z,Alassio_2_Giorni,4.154
2026-05-11T12:23:30.812Z,Bonassola_1_Giorno,2.348
2026-05-11T15:49:07.361Z,Andora_1_Giorno,3.58
2026-05-11T15:49:10.146Z,Andora_3_Giorni,2.707
2026-05-11T15:49:13.701Z,Alassio_2_Giorni,3.493
2026-05-11T15:49:16.420Z,Bonassola_1_Giorno,2.663
2026-05-11T18:05:56.142Z,Andora_1_Giorno,3.393
2026-05-11T18:06:01.639Z,Andora_3_Giorni,5.436
2026-05-11T18:06:04.643Z,Alassio_2_Giorni,2.952
2026-05-11T18:06:06.609Z,Bonassola_1_Giorno,1.918
2026-05-11T20:04:24.747Z,Andora_1_Giorno,3.692
2026-05-11T20:04:28.381Z,Andora_3_Giorni,3.539
2026-05-11T20:04:31.821Z,Alassio_2_Giorni,3.387
2026-05-11T20:04:34.004Z,Bonassola_1_Giorno,2.125
2026-05-11T21:42:44.954Z,Andora_1_Giorno,3.667
2026-05-11T21:42:48.455Z,Andora_3_Giorni,3.433
2026-05-11T21:42:51.458Z,Alassio_2_Giorni,2.936
2026-05-11T21:42:53.586Z,Bonassola_1_Giorno,2.078
2026-05-11T22:39:55.118Z,Andora_1_Giorno,4.618
2026-05-11T22:39:59.030Z,Andora_3_Giorni,3.826
2026-05-11T22:40:04.056Z,Alassio_2_Giorni,4.976
2026-05-11T22:40:06.833Z,Bonassola_1_Giorno,2.721
2026-05-11T23:41:20.641Z,Andora_1_Giorno,2.968
2026-05-11T23:41:23.769Z,Andora_3_Giorni,3.035
2026-05-11T23:41:27.135Z,Alassio_2_Giorni,3.311
2026-05-11T23:41:29.295Z,Bonassola_1_Giorno,2.102
2026-05-12T01:25:10.562Z,Andora_1_Giorno,4.635
2026-05-12T01:25:13.468Z,Andora_3_Giorni,2.82
2026-05-12T01:25:16.826Z,Alassio_2_Giorni,3.305
2026-05-12T01:25:18.819Z,Bonassola_1_Giorno,1.929
2026-05-12T05:25:15.762Z,Andora_1_Giorno,3.243
2026-05-12T05:25:18.645Z,Andora_3_Giorni,2.795
2026-05-12T05:25:21.530Z,Alassio_2_Giorni,2.83
2026-05-12T05:25:23.731Z,Bonassola_1_Giorno,2.142
2026-05-12T08:16:30.699Z,Andora_1_Giorno,3.194
2026-05-12T08:16:33.583Z,Andora_3_Giorni,2.794
2026-05-12T08:16:36.708Z,Alassio_2_Giorni,3.071
2026-05-12T08:16:39.196Z,Bonassola_1_Giorno,2.422
2026-05-12T10:43:24.034Z,Andora_1_Giorno,3.571
2026-05-12T10:43:26.681Z,Andora_3_Giorni,2.558
2026-05-12T10:43:29.854Z,Alassio_2_Giorni,3.112
2026-05-12T10:43:32.023Z,Bonassola_1_Giorno,2.108
2026-05-12T12:29:04.910Z,Andora_1_Giorno,3.081
2026-05-12T12:29:08.055Z,Andora_3_Giorni,3.06
2026-05-12T12:29:11.643Z,Alassio_2_Giorni,3.536
2026-05-12T12:29:13.633Z,Bonassola_1_Giorno,1.932
2026-05-12T15:37:23.986Z,Andora_1_Giorno,3.393
2026-05-12T15:37:27.006Z,Andora_3_Giorni,2.933
2026-05-12T15:37:30.239Z,Alassio_2_Giorni,3.177
2026-05-12T15:37:32.159Z,Bonassola_1_Giorno,1.857
2026-05-12T17:49:47.667Z,Andora_1_Giorno,3.999
2026-05-12T17:49:51.196Z,Andora_3_Giorni,3.456
2026-05-12T17:49:54.850Z,Alassio_2_Giorni,3.613
2026-05-12T17:49:56.895Z,Bonassola_1_Giorno,1.998
2026-05-12T20:28:43.618Z,Andora_1_Giorno,5.08
2026-05-12T20:28:47.264Z,Andora_3_Giorni,3.561
2026-05-12T20:28:50.732Z,Alassio_2_Giorni,3.415
2026-05-12T20:28:52.987Z,Bonassola_1_Giorno,2.189
2026-05-12T21:40:54.775Z,Andora_1_Giorno,4.712
2026-05-12T21:40:58.033Z,Andora_3_Giorni,3.171
2026-05-12T21:41:01.543Z,Alassio_2_Giorni,3.456
2026-05-12T21:41:04.764Z,Bonassola_1_Giorno,3.161
2026-05-12T22:49:25.446Z,Andora_1_Giorno,3.574
2026-05-12T22:49:29.047Z,Andora_3_Giorni,3.516
2026-05-12T22:49:33.267Z,Alassio_2_Giorni,4.17
2026-05-12T22:49:36.179Z,Bonassola_1_Giorno,2.852
2026-05-12T23:45:11.937Z,Andora_1_Giorno,3.813
2026-05-12T23:45:15.109Z,Andora_3_Giorni,3.093
2026-05-12T23:45:18.153Z,Alassio_2_Giorni,2.998
2026-05-12T23:45:20.581Z,Bonassola_1_Giorno,2.374
2026-05-13T01:31:00.529Z,Andora_1_Giorno,4.511
2026-05-13T01:31:03.257Z,Andora_3_Giorni,2.64
2026-05-13T01:31:06.322Z,Alassio_2_Giorni,3.013
2026-05-13T01:31:08.276Z,Bonassola_1_Giorno,1.895
2026-05-13T05:34:55.772Z,Andora_1_Giorno,4.07
2026-05-13T05:34:58.428Z,Andora_3_Giorni,2.568
2026-05-13T05:35:03.724Z,Alassio_2_Giorni,5.245
2026-05-13T05:35:06.330Z,Bonassola_1_Giorno,2.544
2026-05-13T08:24:16.240Z,Andora_1_Giorno,3.815
2026-05-13T08:24:19.302Z,Andora_3_Giorni,2.967
2026-05-13T08:24:22.439Z,Alassio_2_Giorni,3.083
2026-05-13T08:24:24.589Z,Bonassola_1_Giorno,2.086
2026-05-13T11:18:37.858Z,Andora_1_Giorno,4.088
2026-05-13T11:18:41.453Z,Andora_3_Giorni,3.505
2026-05-13T11:18:45.325Z,Alassio_2_Giorni,3.821
2026-05-13T11:18:47.965Z,Bonassola_1_Giorno,2.578
2026-05-13T13:35:44.938Z,Andora_1_Giorno,4.385
2026-05-13T13:35:48.460Z,Andora_3_Giorni,3.439
2026-05-13T13:35:52.170Z,Alassio_2_Giorni,3.653
2026-05-13T13:35:54.192Z,Bonassola_1_Giorno,1.955
2026-05-13T18:17:39.565Z,Andora_1_Giorno,4.49
2026-05-13T18:17:42.304Z,Andora_3_Giorni,2.643
2026-05-13T18:17:45.445Z,Alassio_2_Giorni,3.074
2026-05-13T18:17:47.523Z,Bonassola_1_Giorno,2
2026-05-13T20:15:54.392Z,Andora_1_Giorno,2.848
2026-05-13T20:15:57.278Z,Andora_3_Giorni,2.795
2026-05-13T20:15:59.905Z,Alassio_2_Giorni,2.571
2026-05-13T20:16:02.079Z,Bonassola_1_Giorno,2.113
2026-05-13T21:45:56.394Z,Andora_1_Giorno,3.559
2026-05-13T21:45:59.582Z,Andora_3_Giorni,3.107
2026-05-13T21:46:03.239Z,Alassio_2_Giorni,3.608
2026-05-13T21:46:05.393Z,Bonassola_1_Giorno,2.097
2026-05-13T22:51:00.003Z,Andora_1_Giorno,4.576
2026-05-13T22:51:02.708Z,Andora_3_Giorni,2.615
2026-05-13T22:51:05.864Z,Alassio_2_Giorni,3.099
2026-05-13T22:51:07.863Z,Bonassola_1_Giorno,1.939
2026-05-14T00:15:40.895Z,Andora_1_Giorno,3.025
2026-05-14T00:15:45.714Z,Andora_3_Giorni,4.733
2026-05-14T00:15:50.632Z,Alassio_2_Giorni,4.863
2026-05-14T00:15:52.706Z,Bonassola_1_Giorno,2.013
2026-05-14T04:15:07.178Z,Andora_1_Giorno,4.386
2026-05-14T04:15:10.005Z,Andora_3_Giorni,2.734
2026-05-14T04:15:13.080Z,Alassio_2_Giorni,3.016
2026-05-14T04:15:15.554Z,Bonassola_1_Giorno,2.413
2026-05-14T07:24:09.807Z,Andora_1_Giorno,3.919
2026-05-14T07:24:13.119Z,Andora_3_Giorni,3.22
2026-05-14T07:24:15.921Z,Alassio_2_Giorni,2.75
2026-05-14T07:24:18.073Z,Bonassola_1_Giorno,2.089
2026-05-14T09:59:11.504Z,Andora_1_Giorno,4.778
2026-05-14T09:59:15.696Z,Andora_3_Giorni,4.107
2026-05-14T09:59:20.657Z,Alassio_2_Giorni,4.91
2026-05-14T09:59:23.929Z,Bonassola_1_Giorno,3.211
2026-05-14T12:06:25.581Z,Andora_1_Giorno,4.738
2026-05-14T12:06:30.983Z,Andora_3_Giorni,5.314
2026-05-14T12:06:35.761Z,Alassio_2_Giorni,4.723
2026-05-14T12:06:38.094Z,Bonassola_1_Giorno,2.273
2026-05-14T14:42:00.808Z,Andora_1_Giorno,4.512
2026-05-14T14:42:05.484Z,Andora_3_Giorni,4.589
2026-05-14T14:42:10.118Z,Alassio_2_Giorni,4.583
2026-05-14T14:42:12.385Z,Bonassola_1_Giorno,2.206
2026-05-14T16:33:56.555Z,Andora_1_Giorno,4.519
2026-05-14T16:34:00.785Z,Andora_3_Giorni,4.143
2026-05-14T16:34:05.537Z,Alassio_2_Giorni,4.701
2026-05-14T16:34:08.180Z,Bonassola_1_Giorno,2.582
2026-05-14T18:23:52.171Z,Andora_1_Giorno,5.46
2026-05-14T18:23:56.370Z,Andora_3_Giorni,4.108
2026-05-14T18:24:01.401Z,Alassio_2_Giorni,4.982
2026-05-14T18:24:04.006Z,Bonassola_1_Giorno,2.544
2026-05-14T20:19:44.812Z,Andora_1_Giorno,3.583
2026-05-14T20:19:48.840Z,Andora_3_Giorni,3.94
2026-05-14T20:19:53.427Z,Alassio_2_Giorni,4.533
2026-05-14T20:19:55.762Z,Bonassola_1_Giorno,2.271
2026-05-14T21:51:04.295Z,Andora_1_Giorno,5.299
2026-05-14T21:51:08.264Z,Andora_3_Giorni,3.883
2026-05-14T21:51:12.881Z,Alassio_2_Giorni,4.568
2026-05-14T21:51:15.509Z,Bonassola_1_Giorno,2.575
2026-05-14T23:12:56.139Z,Andora_1_Giorno,8.952
2026-05-14T23:13:00.072Z,Andora_3_Giorni,3.838
2026-05-14T23:13:07.390Z,Alassio_2_Giorni,7.261
2026-05-14T23:13:10.904Z,Bonassola_1_Giorno,3.42
2026-05-15T00:10:28.516Z,Andora_1_Giorno,5.374
2026-05-15T00:10:32.261Z,Andora_3_Giorni,3.661
2026-05-15T00:10:36.794Z,Alassio_2_Giorni,4.484
2026-05-15T00:10:39.539Z,Bonassola_1_Giorno,2.685
2026-05-15T04:19:01.644Z,Andora_1_Giorno,5.279
2026-05-15T04:19:06.012Z,Andora_3_Giorni,4.296
2026-05-15T04:19:09.548Z,Alassio_2_Giorni,3.45
2026-05-15T04:19:12.438Z,Bonassola_1_Giorno,2.833
2026-05-15T10:09:14.948Z,Andora_1_Giorno,5.153
2026-05-15T10:09:19.223Z,Andora_3_Giorni,4.182
2026-05-15T10:09:52.119Z,Bonassola_1_Giorno,2.202
2026-05-15T12:13:04.173Z,Andora_1_Giorno,5.467
2026-05-15T12:13:08.110Z,Andora_3_Giorni,3.848
2026-05-15T12:13:12.193Z,Alassio_2_Giorni,4.03
2026-05-15T12:13:14.502Z,Bonassola_1_Giorno,2.25
2026-05-15T14:36:48.126Z,Andora_1_Giorno,4.933
2026-05-15T14:36:52.649Z,Andora_3_Giorni,4.434
2026-05-15T14:36:56.985Z,Alassio_2_Giorni,4.284
2026-05-15T14:36:59.302Z,Bonassola_1_Giorno,2.251
2026-05-15T16:28:17.683Z,Andora_1_Giorno,5.116
2026-05-15T16:28:21.754Z,Andora_3_Giorni,3.99
2026-05-15T16:28:26.455Z,Alassio_2_Giorni,4.649
2026-05-15T16:28:28.905Z,Bonassola_1_Giorno,2.391
2026-05-15T18:13:10.851Z,Andora_1_Giorno,5.312
2026-05-15T18:13:14.837Z,Andora_3_Giorni,3.903
2026-05-15T18:13:19.248Z,Alassio_2_Giorni,4.362
2026-05-15T18:13:21.878Z,Bonassola_1_Giorno,2.577
2026-05-15T19:55:21.187Z,Andora_1_Giorno,4.8
2026-05-15T19:55:25.374Z,Andora_3_Giorni,4.101
2026-05-15T19:55:29.801Z,Alassio_2_Giorni,4.374
2026-05-15T19:55:32.281Z,Bonassola_1_Giorno,2.42
2026-05-15T21:19:26.814Z,Andora_1_Giorno,5.566
2026-05-15T21:19:30.991Z,Andora_3_Giorni,4.092
2026-05-15T21:19:35.865Z,Alassio_2_Giorni,4.819
2026-05-15T21:19:38.239Z,Bonassola_1_Giorno,2.31
2026-05-15T22:38:30.255Z,Andora_1_Giorno,6.877
2026-05-15T22:38:34.666Z,Andora_3_Giorni,4.33
2026-05-15T22:38:39.880Z,Alassio_2_Giorni,5.165
2026-05-15T22:38:44.832Z,Bonassola_1_Giorno,4.898
2026-05-15T23:39:07.097Z,Andora_1_Giorno,3.907
2026-05-15T23:39:10.661Z,Andora_3_Giorni,3.469
2026-05-15T23:39:15.349Z,Alassio_2_Giorni,4.639
2026-05-15T23:39:17.475Z,Bonassola_1_Giorno,2.067
2026-05-16T01:25:04.025Z,Andora_1_Giorno,5.35
2026-05-16T01:25:08.821Z,Andora_3_Giorni,4.713
2026-05-16T01:25:13.325Z,Alassio_2_Giorni,4.45
2026-05-16T01:25:16.005Z,Bonassola_1_Giorno,2.614
2026-05-16T05:00:50.329Z,Andora_1_Giorno,4.294
2026-05-16T05:00:54.812Z,Andora_3_Giorni,4.397
2026-05-16T05:00:59.178Z,Alassio_2_Giorni,4.312
2026-05-16T05:01:01.383Z,Bonassola_1_Giorno,2.138
2026-05-16T07:26:45.487Z,Andora_1_Giorno,4.399
2026-05-16T07:26:48.967Z,Andora_3_Giorni,3.392
2026-05-16T07:26:53.770Z,Alassio_2_Giorni,4.753
2026-05-16T07:26:56.968Z,Bonassola_1_Giorno,3.136
2026-05-16T09:15:59.734Z,Andora_1_Giorno,4.039
2026-05-16T09:16:03.613Z,Andora_3_Giorni,3.807
2026-05-16T09:16:08.492Z,Alassio_2_Giorni,4.838
2026-05-16T09:16:11.445Z,Bonassola_1_Giorno,2.906
2026-05-16T10:39:53.602Z,Andora_1_Giorno,4.422
2026-05-16T10:39:57.282Z,Andora_3_Giorni,3.592
2026-05-16T10:40:01.918Z,Alassio_2_Giorni,4.58
2026-05-16T10:40:04.931Z,Bonassola_1_Giorno,2.938
2026-05-16T11:37:37.931Z,Andora_1_Giorno,4.425
2026-05-16T11:37:42.290Z,Andora_3_Giorni,4.272
2026-05-16T11:37:46.492Z,Alassio_2_Giorni,4.146
2026-05-16T11:37:48.782Z,Bonassola_1_Giorno,2.23
2026-05-16T12:45:27.606Z,Andora_1_Giorno,5.974
2026-05-16T12:45:32.388Z,Andora_3_Giorni,4.697
2026-05-16T12:45:37.477Z,Alassio_2_Giorni,5.04
2026-05-16T12:45:40.752Z,Bonassola_1_Giorno,3.216
2026-05-16T14:12:08.454Z,Andora_1_Giorno,4.717
2026-05-16T14:12:13.020Z,Andora_3_Giorni,4.497
2026-05-16T14:12:18.199Z,Alassio_2_Giorni,5.111
2026-05-16T14:12:20.565Z,Bonassola_1_Giorno,2.318
2026-05-16T15:17:02.002Z,Andora_1_Giorno,4.634
2026-05-16T15:17:06.381Z,Andora_3_Giorni,4.295
2026-05-16T15:17:10.751Z,Alassio_2_Giorni,4.318
2026-05-16T15:17:12.914Z,Bonassola_1_Giorno,2.104
2026-05-16T16:13:04.719Z,Andora_1_Giorno,4.512
2026-05-16T16:13:09.011Z,Andora_3_Giorni,4.207
2026-05-16T16:13:14.348Z,Alassio_2_Giorni,5.286
2026-05-16T16:13:17.223Z,Bonassola_1_Giorno,2.815
2026-05-16T17:16:19.596Z,Andora_1_Giorno,3.973
2026-05-16T17:16:23.434Z,Andora_3_Giorni,3.759
2026-05-16T17:16:27.262Z,Alassio_2_Giorni,3.781
2026-05-16T17:16:30.185Z,Bonassola_1_Giorno,2.867
2026-05-16T18:09:00.824Z,Andora_1_Giorno,2.948
2026-05-16T18:09:03.412Z,Andora_3_Giorni,2.499
2026-05-16T18:09:06.392Z,Alassio_2_Giorni,2.929
2026-05-16T18:09:08.569Z,Bonassola_1_Giorno,2.118
2026-05-16T19:34:02.966Z,Andora_1_Giorno,4.067
2026-05-16T19:34:07.097Z,Andora_3_Giorni,4.045
2026-05-16T19:34:11.043Z,Alassio_2_Giorni,3.892
2026-05-16T19:34:13.350Z,Bonassola_1_Giorno,2.245
2026-05-16T20:30:15.826Z,Andora_1_Giorno,7.483
2026-05-16T20:30:21.059Z,Andora_3_Giorni,5.169
2026-05-16T20:30:27.280Z,Alassio_2_Giorni,6.146
2026-05-16T20:30:30.051Z,Bonassola_1_Giorno,2.723
2026-05-16T21:34:48.109Z,Andora_1_Giorno,4.671
2026-05-16T21:34:52.337Z,Andora_3_Giorni,4.157
2026-05-16T21:34:56.914Z,Alassio_2_Giorni,4.538
2026-05-16T21:35:00.243Z,Bonassola_1_Giorno,3.287
2026-05-16T22:30:25.135Z,Andora_1_Giorno,4.78
2026-05-16T22:30:28.800Z,Andora_3_Giorni,3.584
2026-05-16T22:30:33.209Z,Alassio_2_Giorni,4.359
2026-05-16T22:30:35.775Z,Bonassola_1_Giorno,2.505
2026-05-16T23:35:42.737Z,Andora_1_Giorno,4.882
2026-05-16T23:35:46.564Z,Andora_3_Giorni,3.743
2026-05-16T23:35:50.653Z,Alassio_2_Giorni,4.038
2026-05-16T23:35:53.440Z,Bonassola_1_Giorno,2.727
2026-05-17T01:31:19.869Z,Andora_1_Giorno,4.506
2026-05-17T01:31:23.265Z,Andora_3_Giorni,3.309
2026-05-17T01:31:27.076Z,Alassio_2_Giorni,3.758
2026-05-17T01:31:29.712Z,Bonassola_1_Giorno,2.573
2026-05-17T05:35:19.622Z,Andora_1_Giorno,3.204
2026-05-17T05:35:22.894Z,Andora_3_Giorni,3.185
2026-05-17T05:35:26.966Z,Alassio_2_Giorni,4.019
2026-05-17T05:35:29.610Z,Bonassola_1_Giorno,2.586
2026-05-17T08:01:40.091Z,Andora_1_Giorno,5.212
2026-05-17T08:01:44.452Z,Andora_3_Giorni,4.275
2026-05-17T08:01:48.903Z,Alassio_2_Giorni,4.398
2026-05-17T08:01:51.344Z,Bonassola_1_Giorno,2.379
2026-05-17T10:00:05.830Z,Andora_1_Giorno,8.21
2026-05-17T10:00:10.424Z,Andora_3_Giorni,4.505
2026-05-17T10:00:15.740Z,Alassio_2_Giorni,5.261
2026-05-17T10:00:18.673Z,Bonassola_1_Giorno,2.871
2026-05-17T11:34:04.408Z,Andora_1_Giorno,5.045
2026-05-17T11:34:07.664Z,Andora_3_Giorni,3.168
2026-05-17T11:34:11.791Z,Alassio_2_Giorni,4.074
2026-05-17T11:34:14.196Z,Bonassola_1_Giorno,2.344
2026-05-17T12:40:11.350Z,Andora_1_Giorno,4.923
2026-05-17T12:40:15.275Z,Andora_3_Giorni,3.837
2026-05-17T12:40:19.483Z,Alassio_2_Giorni,4.152
2026-05-17T12:40:22.524Z,Bonassola_1_Giorno,2.976
2026-05-17T14:12:01.917Z,Andora_1_Giorno,4.532
2026-05-17T14:12:05.894Z,Andora_3_Giorni,3.888
2026-05-17T14:12:10.743Z,Alassio_2_Giorni,4.794
2026-05-17T14:12:12.959Z,Bonassola_1_Giorno,2.156
2026-05-17T15:18:03.855Z,Andora_1_Giorno,4.39
2026-05-17T15:18:08.299Z,Andora_3_Giorni,4.353
2026-05-17T15:18:13.182Z,Alassio_2_Giorni,4.834
2026-05-17T15:18:15.461Z,Bonassola_1_Giorno,2.22
2026-05-17T16:38:36.105Z,Andora_1_Giorno,4.301
2026-05-17T16:38:40.182Z,Andora_3_Giorni,3.988
2026-05-17T16:38:44.491Z,Alassio_2_Giorni,4.257
2026-05-17T16:38:47.760Z,Bonassola_1_Giorno,3.205
2026-05-17T17:42:36.886Z,Andora_1_Giorno,4.877
2026-05-17T17:42:41.230Z,Andora_3_Giorni,4.258
2026-05-17T17:42:46.108Z,Alassio_2_Giorni,4.828
2026-05-17T17:42:48.616Z,Bonassola_1_Giorno,2.449
2026-05-17T18:44:52.760Z,Andora_1_Giorno,4.952
2026-05-17T18:44:57.218Z,Andora_3_Giorni,4.37
2026-05-17T18:45:01.655Z,Alassio_2_Giorni,4.385
2026-05-17T18:45:04.783Z,Bonassola_1_Giorno,3.07
2026-05-17T19:53:52.287Z,Andora_1_Giorno,4.113
2026-05-17T19:53:56.691Z,Andora_3_Giorni,4.33
2026-05-17T19:54:01.899Z,Alassio_2_Giorni,5.161
2026-05-17T19:54:05.028Z,Bonassola_1_Giorno,3.077
2026-05-17T21:09:28.603Z,Andora_1_Giorno,3.842
2026-05-17T21:09:32.077Z,Andora_3_Giorni,3.391
2026-05-17T21:09:36.349Z,Alassio_2_Giorni,4.219
2026-05-17T21:09:38.870Z,Bonassola_1_Giorno,2.464
2026-05-17T22:09:19.496Z,Andora_1_Giorno,4.76
2026-05-17T22:09:23.563Z,Andora_3_Giorni,3.972
2026-05-17T22:09:27.645Z,Alassio_2_Giorni,4.026
2026-05-17T22:09:30.554Z,Bonassola_1_Giorno,2.848
2026-05-17T23:12:05.647Z,Andora_1_Giorno,4.769
2026-05-17T23:12:09.044Z,Andora_3_Giorni,3.311
2026-05-17T23:12:12.905Z,Alassio_2_Giorni,3.81
2026-05-17T23:12:15.378Z,Bonassola_1_Giorno,2.416
2026-05-18T00:10:39.316Z,Andora_1_Giorno,5.624
2026-05-18T00:10:43.525Z,Andora_3_Giorni,4.122
2026-05-18T00:10:47.559Z,Alassio_2_Giorni,3.985
2026-05-18T00:10:50.330Z,Bonassola_1_Giorno,2.715
2026-05-18T04:42:40.737Z,Andora_1_Giorno,4.046
2026-05-18T04:42:44.054Z,Andora_3_Giorni,3.231
2026-05-18T04:42:48.232Z,Alassio_2_Giorni,4.125
2026-05-18T04:42:50.989Z,Bonassola_1_Giorno,2.696
2026-05-18T08:36:58.843Z,Andora_1_Giorno,4.806
2026-05-18T08:37:03.551Z,Andora_3_Giorni,4.595
2026-05-18T08:37:07.853Z,Alassio_2_Giorni,4.249
2026-05-18T08:37:10.337Z,Bonassola_1_Giorno,2.423
2026-05-18T12:15:04.871Z,Andora_1_Giorno,5.573
2026-05-18T12:15:09.126Z,Andora_3_Giorni,4.168
2026-05-18T12:15:13.625Z,Alassio_2_Giorni,4.449
2026-05-18T12:15:16.740Z,Bonassola_1_Giorno,3.056
2026-05-18T15:58:06.038Z,Andora_1_Giorno,8.888
2026-05-18T15:58:09.967Z,Andora_3_Giorni,3.836
2026-05-18T15:58:16.593Z,Alassio_2_Giorni,6.576
2026-05-18T15:58:19.013Z,Bonassola_1_Giorno,2.365
2026-05-18T18:11:26.256Z,Andora_1_Giorno,4.764
2026-05-18T18:11:30.484Z,Andora_3_Giorni,4.14
2026-05-18T18:11:35.754Z,Alassio_2_Giorni,5.219
2026-05-18T18:11:38.073Z,Bonassola_1_Giorno,2.26
2026-05-18T20:01:45.453Z,Andora_1_Giorno,4.47
2026-05-18T20:01:49.189Z,Andora_3_Giorni,3.656
2026-05-18T20:01:53.231Z,Alassio_2_Giorni,3.995
2026-05-18T20:01:55.953Z,Bonassola_1_Giorno,2.67
2026-05-18T21:38:17.109Z,Andora_1_Giorno,4.436
2026-05-18T21:38:19.795Z,Andora_3_Giorni,2.594
2026-05-18T21:38:24.410Z,Alassio_2_Giorni,4.559
2026-05-18T21:38:26.760Z,Bonassola_1_Giorno,2.277
2026-05-18T22:40:07.481Z,Andora_1_Giorno,5.239
2026-05-18T22:40:13.279Z,Andora_3_Giorni,5.708
2026-05-18T22:40:17.994Z,Alassio_2_Giorni,4.665
2026-05-18T22:40:21.502Z,Bonassola_1_Giorno,3.449
2026-05-18T23:47:03.946Z,Andora_1_Giorno,4.744
2026-05-18T23:47:08.840Z,Andora_3_Giorni,4.809
2026-05-18T23:47:13.360Z,Alassio_2_Giorni,4.465
2026-05-18T23:47:16.208Z,Bonassola_1_Giorno,2.787
2026-05-19T01:50:55.846Z,Andora_1_Giorno,6.127
2026-05-19T01:50:59.225Z,Andora_3_Giorni,3.293
2026-05-19T01:51:03.314Z,Alassio_2_Giorni,4.034
2026-05-19T01:51:05.484Z,Bonassola_1_Giorno,2.109
2026-05-19T06:20:42.691Z,Andora_1_Giorno,4.456
2026-05-19T06:20:46.591Z,Andora_3_Giorni,3.815
2026-05-19T06:20:51.153Z,Alassio_2_Giorni,4.512
2026-05-19T06:20:53.813Z,Bonassola_1_Giorno,2.599
2026-05-19T10:27:36.658Z,Andora_1_Giorno,4.373
2026-05-19T10:27:40.556Z,Andora_3_Giorni,3.805
2026-05-19T10:27:44.824Z,Alassio_2_Giorni,4.216
2026-05-19T10:27:47.197Z,Bonassola_1_Giorno,2.316
2026-05-19T13:47:35.117Z,Andora_1_Giorno,4.159
2026-05-19T13:47:38.879Z,Andora_3_Giorni,3.674
2026-05-19T13:47:42.206Z,Alassio_2_Giorni,3.276
2026-05-19T13:47:44.114Z,Bonassola_1_Giorno,1.851
2026-05-19T16:41:46.986Z,Andora_1_Giorno,10.012
2026-05-19T16:41:56.177Z,Andora_3_Giorni,9.105
2026-05-19T16:42:06.163Z,Alassio_2_Giorni,9.933
2026-05-19T16:42:10.229Z,Bonassola_1_Giorno,3.976
